entity_id,entity_name,sector,transaction_count,total_amount_zar,inbound_amount_zar,outbound_amount_zar,net_amount_zar,min_date,max_date,source_file,fiscal_year,fiscal_year_detected,data_vintage_flag,currency,fx_rate_to_zar,fx_rate_date,revenue_m,revenue_zar_m,cost_of_sales_m,cost_of_sales_zar_m,trade_receivables_m,trade_receivables_zar_m,trade_payables_m,trade_payables_zar_m,inventory_m,inventory_zar_m,revenue,cost_of_sales,operating_expenses,trade_receivables,trade_payables,inventory,imports_exports,working_capital_notes,foreign_revenue_pct,geographic_revenue_split,fx_gains_losses,fx_exposure_notes,page_ref,file_selection_flag,notes,join_status
E03,Anglo American,mining,94164,26151440574.273148,19149429932.373146,7002010641.9,12147419290.473146,2023-07-01,2026-06-30,AA annual-report-full-2025.pdf,2025,2025.0,current,USD,16.3213,2026-08-07,18533.0,302482.7,,,4057.0,66215.5,4956.0,80888.4,3819.0,62331.0,"USD 18,533 million (continuing operations, before special items and remeasurements, FY2025 ended 31 Dec 2025; 2024: USD 17,809m). Total Group revenue including discontinued operations was USD 19,325 million.","Not disclosed as a single 'cost of sales' line item. Group discloses an operating-cost breakdown for continuing operations (FY2025 vs 2024): Employee costs USD 2,288m (2,387m); Third-party commodity purchases USD 1,674m (1,814m); Consumables, maintenance and production input costs USD 4,782m (3,833m); Logistics, marketing and selling costs USD 2,159m (2,291m); Royalties USD 208m (209m); D&A USD 2,301m (2,188m).","Other operating expenses: USD 1,157 million (2024: USD 1,041 million), FY2025 continuing operations.","USD 4,057 million total 'Trade and other receivables' (current USD 3,748m + non-current USD 309m), FY2025 (2024: USD 3,660m).","USD 4,956 million total 'Trade and other payables' (current USD 4,879m + non-current USD 77m), FY2025 (2024: USD 6,282m).","USD 3,819 million total (current USD 3,013m + non-current USD 806m), FY2025 (2024: USD 6,439m).","No quantified import/export revenue or trade-finance facility figures disclosed. Excerpt states Anglo American is 'one of the world's largest exporters of steelmaking coal' serving customers in Asia, Europe and South America, and that trade-receivable credit risk is partly mitigated via letters of credit from financial institutions as payment security instruments.","Cash flows from operations were roughly flat at USD 7.0bn (2024: USD 6.9bn) as a lower working capital inflow of USD 0.6bn (2024: USD 1.5bn inflow) was offset by improved other operating cash flows. Within working capital: a USD 0.7bn inventory inflow (De Beers stock rebalancing), a USD 0.9bn receivables outflow (high copper prices/provisional pricing adjustments), largely offset by a USD 0.8bn payables inflow (higher amounts due on third-party copper purchases).",Not disclosed in this excerpt (no home-country vs. foreign revenue split found); Anglo American is UK-domiciled/listed but virtually all mining operations and sales are outside the UK.,"Not disclosed by geography/destination in this excerpt; revenue is broken out by commodity segment only (FY2025): Copper USD 8,122m; Premium Iron Ore USD 6,651m; Manganese USD 472m; Crop Nutrients USD 195m; De Beers USD 3,493m; Corporate and other USD 392m.","Net foreign exchange losses of USD 77 million (2024: USD 19 million loss) within operating costs, continuing operations, FY2025; net finance costs also rose partly due to net FX losses on derivative instruments.","USD is the Group's functional/reporting currency. Main non-USD currencies affecting costs are the South African rand, Australian dollar, Chilean peso and Brazilian real. Policy is generally NOT to hedge these operating currency exposures, given their long-term correlation with commodity prices; non-USD capex and non-USD borrowings are hedged case-by-case (cross-currency interest rate swaps/fair value hedges on non-USD bonds). Management concludes earnings and equity are not materially sensitive to reasonable FX or interest-rate movements.","129, 154, 274, 275, 277, 278, 317, 320",no AFS-labeled file found; used newest annual/integrated report; Folder contains a file referencing 'AGA' (AngloGold Ashanti's ticker) - verify this isn't misfiled.,"Reports in USD, not ZAR/GBP, despite UK primary listing. FY2025 figures separate discontinued operations (Steelmaking Coal, Nickel held for sale; Valterra Platinum demerged in 2025); continuing-operations figures used above unless noted. No single 'cost of sales' line or geographic (destination) revenue split found in this excerpt.",matched
E04,AngloGold Ashanti,mining,23806,5511158484.636724,3943397423.706724,1567761060.93,2375636362.776724,2023-07-01,2026-06-30,ERDEC25.pdf,2025,,current,USD,16.3213,2026-08-07,9893.0,161466.6,5022.0,81965.6,672.0,10967.9,1015.0,16566.1,1251.0,20417.9,"USD 9,893 million (Revenue from product sales, Group Income Statement, FY2025 ended 31 Dec 2025; 2024: USD 5,793m). On a consolidated 'Gold income' basis (excl. equity-accounted Kibali JV) revenue was USD 9,730m (2024: USD 5,673m).","USD 5,022 million (managed operations / consolidated basis per Group Income Statement, FY2025; 2024: USD 3,726m). Including attributable share of the Kibali joint venture, 'Group' cost of sales was USD 5,454m (2024: USD 4,106m).","No single 'operating expenses' line; closest equivalents (FY2025 vs 2024): Corporate administration, marketing and related expenses USD 138m (118m); Other expenses USD 248m (144m).","USD 672 million total 'Trade, other receivables and other assets' (current USD 423m + non-current USD 249m), FY2025 (2024: USD 569m). Contingent consideration is now shown as a separate line (USD 60m non-current + USD 62m current).","USD 1,015 million total 'Trade and other payables' (current USD 1,001m + non-current USD 14m), FY2025 (2024: USD 963m).","USD 1,251 million total (current USD 1,076m + non-current USD 175m), FY2025 (2024: USD 1,213m).","Not disclosed - no import/export revenue split, letters of credit, or trade-finance guarantee figures found in this earnings-release excerpt.","No detailed inventory/receivables/payables cash-flow working-capital breakdown was found for the Group cash flow statement in this excerpt (only 'Cash generated from operations' of USD 5,409m vs 2024 USD 2,063m is shown); underlying working-capital movement components are not itemized here.","Not disclosed as a percentage; effectively ~100% of revenue is generated outside the Group's US corporate HQ/UK-incorporation jurisdictions, since AngloGold Ashanti is a pure gold miner with all producing mines in Africa, Australia and the Americas.","Gold income by region, FY2025 (2024): Africa USD 7,152m (USD 3,756m) - incl. Kibali USD 1,038m, Iduapriem USD 704m, Obuasi USD 942m, Siguiri USD 990m, Geita USD 1,730m, Sukari USD 1,748m; Australia USD 1,876m (USD 1,394m) - Sunrise Dam USD 789m, Tropicana USD 1,087m; Americas USD 1,740m (USD 1,264m) - Cerro Vanguardia USD 612m, AGA Mineracao USD 946m, Serra Grande USD 182m.","Foreign exchange and fair value adjustments: net loss of USD 41 million for FY2025 (2024: net loss of USD 87 million), per Group Income Statement.","Company reports in USD. Total cash costs per ounce benefited by an estimated 2% in FY2025 from a favourable cumulative foreign currency exchange rate against the US dollar. No detailed FX sensitivity analysis, hedging policy, or currency-pair exposure table was found in this excerpt - this source is the Q4/FY2025 Earnings Release, not the full Annual Report/Form 20-F, so a fuller FX risk note likely exists in that longer filing.","6, 19, 20, 21, 22, 23, 39",no AFS-labeled file found; used newest annual/integrated report,"Reports in USD, not ZAR, despite JSE secondary listing and South African heritage. Source document is the Q4/FY2025 Earnings Release (not the full Annual Report/20-F); items like detailed FX sensitivity, import/export disclosures, and working-capital cash-flow breakdown were 'not disclosed' here but may exist in the full filing.",matched
E19,Aspen Pharmacare,industrials_pharma,106644,9686824501.4,5224985567.68,4461838933.72,763146633.96,2023-07-01,2026-06-30,Aspen_FY2025_AFS.pdf,2025,2025.0,current,ZAR,1.0,,43363.0,43363.0,24234.0,24234.0,10646.0,10646.0,10675.0,10675.0,18009.0,18009.0,"R43,363 million (ZAR), FY2025 ended 30 June 2025 (2024: R44,706m).","R24,234 million, FY2025 (2024: R25,252m).","Other operating expenses: R7,985 million (2024: R3,861m); also Selling and distribution expenses R7,039m (6,481m) and Administrative expenses R3,953m (3,657m), FY2025.","Net trade receivables R10,646 million (gross R11,166m less allowance for credit losses R520m); total 'Receivables and other current assets' R13,339 million, FY2025 (2024: net trade receivables R10,299m; total R12,664m).","R10,675 million (current 'Trade and other payables'), FY2025 (2024: R10,347m).","R18,009 million, FY2025 (2024: R18,002m) - Raw materials R4,468m, Work-in-progress R3,334m, Finished goods R9,143m, Consumables R1,064m.","No export/import revenue split or letters-of-credit/trade-guarantee figures disclosed. Related disclosures: a 6-year API supply agreement (R37m realised in FY2025 cost of sales) and a 5-year heparin supply agreement (advance rebate prepayment of R595m/EUR29m, with R118m/EUR6m realised in FY2025 cost of sales) - these are supply-chain prepayments, not trade-finance instruments.","Working capital movements were a net outflow of R1,603 million within cash generated from operations (2024: outflow of R242m): increase in inventories R704m outflow (2024: R200m inflow); increase in trade and other receivables R773m outflow (2024: R104m outflow); decrease in trade and other payables R126m outflow (2024: R338m outflow).","Not disclosed directly as a ZAR-vs-foreign revenue %, but the disclosed revenue currency mix (a close proxy) shows South African Rand only 18% of FY2025 revenue (2024: 15%) - implying roughly 82% of revenue is denominated in foreign currencies (Euro 29%, Australian Dollar 13%, Chinese Yuan 7%, US Dollar 6%, Mexican Peso 4%, Brazilian Real 4%, GBP 2%, CAD 2%, Colombian Peso 2%, Other 13%).",Not disclosed by geographic region in this excerpt (source references a 'Group Revenue Segmental Analysis' report which falls outside the extracted pages); revenue currency mix is disclosed instead (see foreign_revenue_pct).,"Net foreign exchange gains of R110 million within financing costs, FY2025 (2024: net loss of R49 million).","Aspen (Group) is exposed to foreign currency risk on revenue, purchases, capex, acquisitions/divestments and borrowings denominated in currencies other than each entity's functional currency (mainly Euro, Rand, Australian Dollar, Chinese Yuan, US Dollar, Mexican Peso, Brazilian Real, New Zealand Dollar, Russian Ruble); managed selectively via forward exchange contracts, with no hedge accounting applied in FY2025 or FY2024. A 10% currency-sensitivity analysis is disclosed for FY2025 (pre-tax profit impact of a 10% weakening in the relevant functional currency): Rand:USD R(8)m, Rand:Euro R(12)m, USD:Euro R36m, Euro:CNY R31m, Euro:MXN R22m, Rand:CNY R43m, other exposures R117m; net total R229m (2024: R392m). Group presentation/functional currency is the Rand.","15, 16, 19, 47, 49, 51, 73, 75, 79, 88",,"Reports in ZAR (South African rand), consistent with JSE primary listing. Figures are Group (consolidated), for the year ended 30 June 2025. Geographic revenue split not found in this excerpt; a currency-mix proxy was used instead.",matched
E01,BHP Group,mining,124728,46519002926.3981,34118792682.988102,12400210243.41,21718582439.578102,2023-07-01,2026-06-30,5. 2025 Annual Report.pdf,2025,2025.0,current,USD,16.3213,2026-08-07,51262.0,836662.5,,,4253.0,69414.5,6670.0,108863.1,6978.0,113890.0,"USD 51,262 million, FY2025 ended 30 June 2025 (2024: USD 55,658m; 2023: USD 53,817m).","Not disclosed as a single 'cost of sales' line. BHP discloses 'Expenses excluding net finance costs' of USD 32,319 million for FY2025 (2024: USD 36,750m), comprising components including Raw materials and consumables used USD 5,950m, Freight and transportation USD 2,029m, External services USD 5,726m, Third-party commodity purchases USD 1,991m, Government royalties paid and payable USD 2,608m, Net foreign exchange losses USD 85m, plus employee benefits and D&A.","No single 'operating expenses' line disclosed; the aggregate 'Expenses excluding net finance costs' was USD 32,319 million for FY2025 (2024: USD 36,750m) - see cost_of_sales breakdown for components.","USD 4,253 million total 'Trade and other receivables' (current USD 4,116m + non-current USD 137m), FY2025 (2024: USD 5,339m).","USD 6,670 million total 'Trade and other payables' (current USD 6,637m + non-current USD 33m), FY2025 (2024: USD 6,764m).","USD 6,978 million total (current USD 5,538m + non-current USD 1,440m), FY2025 (2024: USD 7,039m).","No specific import/export revenue figures, letters of credit, or trade-finance facility amounts disclosed. Narrative commentary notes BHP is a major exporter of copper, iron ore and steelmaking/energy coal, discussing US tariff threats to copper imports and Chinese/Indian import demand for iron ore and coal, but without quantified export/import values.","Cash flow statement 'Changes in assets and liabilities', FY2025 (2024): Trade and other receivables +USD 776m source of cash (USD (290)m use of cash in 2024); Inventories +USD 64m (USD (530)m in 2024); Trade and other payables USD (116)m (USD (27)m in 2024); Provisions and other assets/liabilities USD (249)m (USD (469)m in 2024).","Not disclosed as a percentage, but revenue by location of customer shows only USD 2,545 million (~5%) of FY2025 revenue came from Australia (BHP's home country) out of total USD 51,262m - implying roughly 95% of revenue was from customers outside Australia.","Revenue by location of customer, FY2025 (2024): China USD 32,083m (USD 34,752m); Japan USD 4,177m (USD 4,557m); Rest of Asia USD 3,331m (USD 3,749m); South Korea USD 2,664m (USD 3,069m); Australia USD 2,545m (USD 2,393m); India USD 2,661m (USD 3,371m); North America USD 2,251m (USD 1,601m); Europe USD 1,121m (USD 1,702m); South America USD 429m (USD 464m); Total USD 51,262m.","Net foreign exchange losses of USD 85 million for FY2025 (2024: USD 23 million loss; 2023: USD 197 million gain), within 'Expenses excluding net finance costs'.","US dollar is BHP's predominant functional and presentation currency. Exposure arises from translational exposure (non-USD monetary items, restated to USD each period with gain/loss to the income statement) and transactional exposure (non-USD opex/capex/revenue). Principal non-functional currencies are AUD, CAD, CLP, GBP, BRL and EUR. Net financial (liability)/asset position by currency at FY2025: AUD USD(4,181)m, CLP USD(924)m, CAD USD(361)m, EUR USD(89)m, GBP USD(28)m, BRL USD337m; total USD(5,123)m. The Group uses cross-currency interest rate swaps and FX forwards to convert major foreign-currency exposures into USD so fluctuations are 'not expected to have a significant impact on equity and profit after tax'. Disclosed sensitivity: a one-cent/centavo/penny weakening of the USD against AUD, CAD, CLP, GBP, BRL and EUR would decrease Group equity and profit after tax by USD29 million (2024: USD17m decrease).","74, 119, 121, 122, 127, 137, 161, 162",no AFS-labeled file found; used newest annual/integrated report,"Reports in USD, not AUD, despite ASX primary listing and Australian domicile. Figures are for BHP Group (consolidated), year ended 30 June 2025.",matched
E10,Bid Corporation,consumer,222431,33247060939.67,18078692495.63,15168368444.04,2910324051.59,2023-07-01,2026-06-30,Bidcorp-2025-AFS.pdf,2025,2025.0,current,ZAR,1.0,,235591.182,235591.2,177918.144,177918.1,25275.65,25275.7,36389.836,36389.8,19262.68,19262.7,"R 235,591,182 thousand (approx R235.6 billion), FY2025 (year ended 30 June 2025); 2024: R225,905,337 thousand","Cost of revenue: R (177,918,144) thousand, FY2025; 2024: R (171,444,523) thousand","R (44,720,465) thousand, FY2025 (comprising sales & distribution costs R36,383,722k, administration costs R8,124,314k, impairment of trade receivables R159,750k, other costs R52,679k); 2024: R (42,284,017) thousand","R 25,275,650 thousand, FY2025; 2024: R23,524,599 thousand","R 36,389,836 thousand, FY2025; 2024: R33,261,750 thousand","R 19,262,680 thousand, FY2025; 2024: R17,007,694 thousand","No specific import/export dollar figures disclosed. Group hedges foreign-currency-denominated trade receivables/payables via forward exchange contracts (FECs); borrowings are currency-matched to the functional currency of the business raising them. Total group banking facilities of R31,590 million (2024: R26,373 million), of which R17,043 million utilised and R14,548 million unutilised at 30 June 2025. No letters of credit specifically disclosed in this excerpt.","FY2025 cash flow statement working capital changes: increase in inventories R(1,463,062)k, increase in trade and other receivables R(465,099)k, increase in trade and other payables R1,124,661k; net working capital changes R(803,500)k (2024: R(1,637,147)k)","South Africa represented only 4% of FY2025 revenue (4% in 2024), implying ~96% of group revenue is generated outside South Africa (UK, Australasia, Europe, Emerging Markets)","Analysis of revenue per country by % (FY2025 vs FY2024): United Kingdom 28%/28%, Australia 13%/13%, Netherlands 9%/9%, Italy 8%/8%, New Zealand 7%/7%, Czech Republic 7%/8%, Belgium 5%/5%, South Africa 4%/4%, People's Republic of China & Hong Kong 3%/4%, Other 16%/14%","Foreign exchange losses on hedging activities: R7,767k (2024: R21,594k) [forward exchange contracts R7,528k + foreign bank accounts R239k]; Foreign exchange losses on transactions: R8,071k (2024: R32,834k) [realised R6,078k + unrealised R1,993k] - both recognised within operating profit, FY2025","Group has currency translation risk from consolidating foreign operations into ZAR and transaction risk on purchases/sales in currencies other than each entity's functional currency. Major currency pairs monitored: Rand/GBP, Rand/EUR, Rand/AUD, Rand/NZD, Rand/HKD, Rand/SGD, Rand/CZK, Rand/PLN, Rand/BRL (average and spot rate tables disclosed). Policy is to hedge all trade receivables/payables denominated in a non-functional currency via forward exchange contracts (FECs) or advance currency purchases; no speculative derivative trading. Borrowings currency-matched to the business's functional currency as an economic hedge. No formal VaR-style sensitivity table found in this excerpt beyond the realised/hedging FX loss figures.","27, 28, 35, 36, 66, 67",,"Consolidated Bidcorp Group figures, reported in South African Rand (R'000), FYE 30 June 2025. Comprehensive disclosure found in excerpt; no material gaps identified for requested fields.",matched
E12,Clicks Group,consumer,9026,589859857.7,277816030.9,312043826.8,-34227795.900000036,2023-07-01,2026-06-30,Clicks_FY2025_AFS.pdf,2025,2025.0,current,ZAR,1.0,,51426.992,51427.0,36428.426,36428.4,3139.516,3139.5,10912.537,10912.5,7818.704,7818.7,"R 51,426,992 thousand (approx R51.4 billion) total revenue, FY2025 (year ended 31 August 2025; 2024: R48,609,808 thousand); of which 'Turnover' (sale of goods/services) was R47,828,079 thousand (2024: R45,437,640 thousand)","Cost of merchandise sold: R (36,428,426) thousand, FY2025 (2024: R(34,805,221) thousand)","Expenses: R (10,182,338) thousand, FY2025 (comprising depreciation & amortisation R1,811,683k, occupancy costs R212,044k, employment costs R5,282,102k, other costs R2,873,327k, IFRS9 ECL impairment allowance R3,182k); 2024: R(9,542,869) thousand","Trade and other receivables: R 3,139,516 thousand, FY2025 (2024: R3,057,282 thousand)","Trade and other payables: R 10,912,537 thousand, FY2025 (2024: R10,030,903 thousand)","Inventories: R 7,818,704 thousand, FY2025 (2024: R7,063,280 thousand)","Group is exposed to FX risk via imports of merchandise denominated in USD, EUR, GBP and CNY, hedged with forward exchange contracts (notional principal R642 million at 31 Aug 2025 vs R780 million in 2024). No export activity/figures disclosed - Clicks is a domestic SA retailer/distributor. Group also discloses a supply chain finance facility of R1,300 million (unchanged from 2024) and total uncommitted facilities of R4,166 million plus USD64 million (2024: R4,139 million plus USD62 million).","FY2025 cash flow note: increase in inventories R(753,496)k, increase in trade and other receivables R(82,234)k, increase in trade and other payables R870,691k, increase in employee benefits R37,887k; total working capital changes +R72,848k (2024: +R99,357k). Capital risk management target is a shareholders'-interest-to-total-assets ratio of 30%-35%, achieved partly through management of working capital (30.4% actual in FY2025).","Not disclosed as a percentage. Group states business 'largely operates within South Africa' and that revenue, assets and liabilities in countries outside South Africa (Namibia, Eswatini, Botswana, Lesotho - via The Body Shop) 'are not significant in relation to the group', implying foreign revenue is immaterial (low single-digit % or less, not separately quantified)","Not disclosed by country/region - only segmental split by business line is given (Retail vs Distribution), both South Africa-based: FY2025 turnover Retail R37,554,480k, Distribution R18,658,096k (before intragroup elimination of R8,384,497k)","Foreign exchange losses realised: R 1,975 thousand, FY2025 (2024: R2,089 thousand), disclosed within 'Other costs'","Currency risk arises from imports of merchandise; primary currencies USD, EUR, GBP, CNY. Group's treasury policy is to enter forward exchange contracts to cover committed and anticipated exposures (no speculative use). 10% ZAR strengthening sensitivity (FY2025): USD impact - OCI decrease R23,243k / PBT increase R12,024k; GBP impact - OCI decrease R3,660k / PBT increase R3,510k; EUR impact - OCI decrease R3,618k / PBT increase R8,424k; CNY impact - OCI decrease R16,361k / PBT increase R6,013k. A 10% ZAR weakening would have an equal but opposite effect. Interest rate risk noted but 'no material interest rate sensitivities at year-end'.","10, 13, 14, 26, 41, 42, 43",,"Consolidated Clicks Group figures, reported in South African Rand (R'000), FYE 31 August 2025. Business is predominantly domestic (South Africa) with minor, non-material foreign operations; hence limited geographic revenue/foreign revenue % disclosure versus more internationally diversified peers.",matched
E02,Glencore,mining,20847,12520018335.913038,9132612035.523037,3387406300.39,5745205735.133038,2023-07-01,2026-06-30,Glencore 2025 Annual Report.pdf,2025,2025.0,current,USD,16.3213,2026-08-07,247535.0,4040093.0,241672.0,3944401.2,23826.0,388871.3,35614.0,581266.8,33955.0,554189.7,"US$ 247,535 million, FY2025 (year ended 31 December 2025; 2024: US$230,944 million) - comprising 'Sale of commodities' US$244,873m and 'Freight, storage and other services' US$2,662m","Cost of goods sold: US$ (241,672) million, FY2025 (2024: US$(224,294) million)","Selling and administrative expenses: US$ (2,378) million, FY2025 (2024: US$(2,023) million) - closest equivalent line; Glencore's income statement is structured as Revenue less Cost of goods sold less Net expected credit losses (US$(150)m) less Selling & administrative expenses","'Accounts receivable' (current) total: US$ 23,826 million, FY2025 (2024: US$17,781 million). Within this, the narrower 'Trade receivables' (amortised cost) line is US$2,279 million (2024: US$3,083 million), plus 'Trade receivables with derivative features' (provisionally-priced commodity sales) of US$11,149 million (2024: US$7,795 million), plus margin calls, associate receivables, advances/loans etc.","'Accounts payable' (current) total: US$ 35,614 million, FY2025 (2024: US$28,968 million). Within this, the narrower 'Trade payables' (amortised cost) line is US$5,551 million (2024: US$4,905 million), plus 'Trade payables with derivative features' of US$24,986 million (2024: US$19,967 million)","Inventories (current): US$ 32,882 million, FY2025 (2024: US$29,580 million); plus non-current inventories of US$1,073 million (2024: US$517 million) - total approx US$33,955 million","No aggregate 'imports/exports' revenue figure disclosed (inherent to commodity trading business), but detailed trade-finance disclosure: trade payables at 31 Dec 2025 included US$9,462 million (2024: US$7,472 million) of liabilities arising from supplier payment arrangements where a financial institution issues a letter of credit on Glencore's behalf and is repaid ~89 days (2024: 78 days) after physical supply. Corporate guarantees in favour of associates/JVs were US$587 million (2024: US$226 million). Committed liquidity facilities totalled US$12.9 billion (2024: US$11.5 billion).","FY2025 cash flow statement: increase in accounts receivable US$(7,146) million, increase in inventories US$(3,529) million, increase in accounts payable US$9,672 million; total working capital changes US$(1,003) million (2024: +US$2,061 million). Separately, the Group's 'Net working capital changes' alternative performance measure was US$(1,359) million in 2025 (2024: +US$1,759 million).","Not disclosed as a single 'domestic vs foreign' % - Glencore (HQ Switzerland/Jersey) discloses revenue purely by geographic destination of the sales counterparty. Largest individual countries are Singapore US$34,617m (2024: US$27,740m), China US$31,407m (2024: US$27,556m), UK US$27,623m (2024: US$25,264m) and US US$22,922m (2024: US$24,505m) of the US$247,535m total","Revenue from third parties by geographic destination, FY2025 (2024): The Americas US$39,193m (US$41,543m); Europe US$66,843m (US$63,308m); Asia US$121,574m (US$108,762m); Africa US$12,330m (US$11,695m); Oceania US$7,595m (US$5,636m); Total US$247,535m (US$230,944m). [Basis: country of incorporation of the sales counterparty, not necessarily final product destination.]","Net foreign exchange losses: US$ (91) million, FY2025 (2024: US$(445) million), recognised within 'Other income/(expense) - net'","US dollar is the Group's predominant functional and presentation currency. Currency risk mainly arises from operating/capital expenditure and limited purchases/sales in non-USD currencies; commodity purchases/sales in other currencies are ordinarily economically hedged via forward exchange contracts, so translation impact on recognised transactions is described as 'immaterial'. Opex currency mix includes USD, CHF, GBP, CAD, AUD, EUR, Kazakhstani tenge, Colombian peso, Peruvian sol, Chilean peso and South African rand. Debt principal/interest is primarily USD-denominated or swapped into USD. Translation gains on foreign operations were US$284 million in 2025 (2024: loss of US$179 million), driven mainly by ZAR-denominated subsidiaries; a strengthening ZAR also contributed to a US$378 million impairment of South African coal operations in 2025 (their functional currency is ZAR).","46, 47, 140, 141, 146, 168, 169, 188, 207, 208, 214, 234",no AFS-labeled file found; used newest annual/integrated report,"Reports in US dollars (US$ million), FYE 31 December 2025 - NOT ZAR, despite Glencore's significant South African (coal, ferroalloys) operations. As a global commodity trading/mining group, 'trade receivables' and 'trade payables' balances are dominated by large provisionally-priced/derivative-linked commodity balances rather than conventional simple trade debtors/creditors - both the broad 'Accounts receivable/payable' totals and the narrower amortised-cost subtotals are provided above for clarity.",matched
E05,Gold Fields,mining,21760,4762980328.979229,3421572453.3892293,1341407875.59,2080164577.7992294,2023-07-01,2026-06-30,AFR2025.pdf,2025,2025.0,current,USD,16.3213,2026-08-07,8751.3,142832.6,3680.8,60075.4,380.7,6213.5,908.1,14821.4,1156.0,18867.4,"USD 8,751.3 million for the year ended 31 December 2025 (2024: USD 5,201.6m; 2023: USD 4,500.7m). Comprised of Gold USD 8,406.5m, Copper USD 228.1m (Peru only), Silver USD 116.7m (mainly Salares Norte). Growth driven by the gold price run and the Gold Road (Sept 2025) and Osisko/Windfall (Oct 2024) acquisitions.","Total cost of sales: USD 3,680.8 million for FY2025 (2024: USD 2,843.7m; 2023: USD 2,747.0m). Breakdown: cost of sales before gold inventory change and D&A USD 2,699.1m, gold inventory change USD 61.3m, amortisation and depreciation USD 920.4m.","No single IFRS 'operating expenses' line. Closest equivalent is cost of sales (see above). Other separately disclosed operating-type cost lines, FY2025: Exploration expense USD 297.8m, Other costs net USD 134.8m, Restructuring costs USD 10.3m, Ghana expected credit loss USD 66.0m, Share-based payments USD 25.4m, Long-term incentive plan USD 43.2m.","Trade and other receivables (total, current): USD 380.7 million at 31 Dec 2025 (2024: USD 337.8m). Within this, trade receivables specifically (gold sales USD 101.9m + copper concentrate USD 31.0m + other USD 11.2m) = USD 144.1 million (2024: USD 152.7m).","Trade and other payables (total, current): USD 908.1 million at 31 Dec 2025 (2024: USD 651.1m). Within this, trade payables specifically = USD 225.0 million (2024: USD 151.7m).","Total inventories: USD 1,156.0 million at 31 Dec 2025 (2024: USD 1,049.1m) - current USD 782.6m + non-current (heap leach/stockpile, >12 months) USD 373.4m. Comprises gold-in-process and stockpiles USD 845.2m and consumable stores USD 310.8m.","No dedicated import/export revenue figures or trade-finance letters of credit disclosed. 'Value Added Tax and import duties' of USD 123.2 million (2024: USD 106.9m) is included within Trade and other receivables. General corporate borrowing/guarantee facilities exist (US$1,200m multi-currency RCF, A$1,250m term loan, US$750m 7-year notes) but these are general Group financing, not import/export trade facilities.","Change in working capital note (cash flow statement, FY2025): Inventories +USD 42.6m, Trade and other receivables (USD 61.6m), Trade and other payables +USD 206.4m, total change +USD 187.4 million net cash inflow (2024: +USD 13.9m; 2023: (USD 199.1m)).","Not explicitly disclosed as a percentage. Derivable from segmental report: South Africa (South Deep) revenue of USD 1,065.9m is ~12.2% of Group revenue (USD 8,751.3m); implying ~87.8% of FY2025 revenue from outside South Africa (Ghana, Peru, Chile, Australia).","FY2025 revenue by country/mine (USD million, by location of mining asset not customer): South Africa - South Deep 1,065.9; Ghana - Tarkwa 1,642.6 + Damang 333.1 = 1,975.7; Peru - Cerro Corona 596.7; Chile - Salares Norte 1,421.4; Australia - St Ives 1,278.4 + Agnew 836.5 + Granny Smith 914.2 + Gruyere 662.6 = 3,691.7; Group total 8,751.3. Canada (Windfall Project) had no revenue yet (pre-feasibility/exploration).","Foreign exchange gain of USD 6.6 million for FY2025 (2024: loss of USD 6.6m; 2023: loss of USD 5.6m), described as relating to conversion of offshore cash holdings into functional currencies. (Separately, the parent-only Rand financial statements show an unrelated 'Loss on foreign exchange, net' of R56.7 million FY2025, relating to a Canadian withholding tax receivable and financial guarantees - parent-company-only, not the Group figure.)","Group presentation currency is USD; parent company's functional currency is South African Rand. Foreign operations' assets/liabilities translated at year-end spot rates, income/expenses at average rates (2025: ZAR/US$ spot 16.56, average 17.88; US$/A$ spot 0.67; US$/C$ spot 0.73), translation differences taken to OCI. No consolidated Group-level currency sensitivity table found in this excerpt. At the separate (parent) company level, currency risk arises mainly from USD/AUD/CAD-denominated financial guarantees for Group borrowings and a CAD100.3m Canadian withholding tax receivable; a 10% Rand move vs USD/AUD/CAD would change the related FX gain/loss by roughly R31.3m/R10.6m/R121.0m respectively.","16-21, 29-31, 58-70, 72-74, 77, 78, 80, 81, 96-99, 102, 104, 112, 113, 118-124, 132-135, 143-146, 151-155, 161-165",,"CORRECTED 2026-08-09: this replaces a prior extraction that used a stale FY2023 filing due to a file-selection bug (bare 'AFR2025.pdf'/'AFR2024.pdf' filenames weren't matching the AFS-detection regex; fixed in extract_financials.py). This extraction is confirmed genuinely FY2025 (source 'AFR2025.pdf', statements explicitly captioned 'for the year ended 31 December 2025'). Revenue of USD 8,751.3 million exactly matches an independently-known reference figure used to validate this correction. FY2025 results reflect a substantial gold price increase plus consolidation of Gold Road (100% acquired 26 Sept 2025, Australia/Gruyere) and Osisko/Windfall (100% acquired 25 Oct 2024, Canada, still pre-revenue). Group reports in USD; parent company separate financial statements report in ZAR (relevant for fx_gains_losses/fx_exposure_notes, where the parent-only Rand FX note is distinguished from the Group USD note). 'Operating expenses' is not a distinct IFRS line item - cost of sales is the closest equivalent.",matched
E16,MTN Group,telecoms,210405,31402533346.19,17091854211.84,14310679134.35,2781175077.49,2023-07-01,2026-06-30,17.03.2025 - MTN Group - AFS.pdf,2024,2025.0,STALE (FY2024 vs. most peers FY2025/2026) - needs team decision on confidence weighting,ZAR,1.0,,188001.0,188001.0,,,34304.0,34304.0,57942.0,57942.0,1213.0,1213.0,"R188,001 million (FY2024)","Not a single disclosed line. Components: Direct network and technology operating costs (R35,957)m; Costs of handsets and other accessories (R11,209)m; Interconnect and roaming costs (R9,512)m","Components from income statement: Staff costs (R14,067)m; Selling, distribution and marketing expenses (R24,138)m; Government and regulatory costs (R7,444)m; Other operating expenses (R11,912)m","R34,304 million (current assets, FY2024); gross trade receivables R22,293 million","R57,942 million (FY2024)","R1,213 million (FY2024)",MTN Nigeria used letters of credit for cash deposits with banks as security. No other explicit import/export figures disclosed,"Changes in working capital: (R7,581) million (cash flow statement). Inventory and trade receivables disclosures available in balance sheet notes","~72% (Total revenue R188,001m less South Africa revenue R52,596m = R135,405m foreign; R135,405m / R188,001m approx 72%)","FY2024 (R million): South Africa 52,596; Nigeria 41,043; SEA (Uganda + other) 24,512; WECA (Ghana, Cote d'Ivoire, Cameroon + other) 57,986; MENA (Sudan, Afghanistan) 1,284; Bayobab 11,059; Head office companies 11,836. (Irancell joint venture R11,149m excluded from consolidated revenue)","Net foreign exchange losses: (R18,879) million (FY2024); exchange losses on cash and cash equivalents (R4,365) million",Significant Nigerian Naira devaluation caused large unrealised losses on USD-denominated tower lease liabilities. Group hedges a designated portion of USD net assets in MTN Dubai against ZAR. Exchange rate tables provided for major currencies vs ZAR,"21, 23, 28, 34, 35, 45, 48, 55, 98, 99, 100",,"Reports in South African Rand (Rm). Source PDF is dated March 2025 and covers FY2024 (not FY2025) - the newer MTN FY25 Integrated Report exists in the folder but was not the AFS-labeled file selected. Significant FX losses driven by Nigerian Naira devaluation. Inventory consists of handsets, SIM cards, accessories and consumables",matched
E13,NEPI Rockcastle,real_estate,2787,116647018.14,53823226.09,62823792.05,-9000565.959999993,2023-07-02,2026-06-30,NEPI Rockcastle N.V. Annual Report 2025_18 Mar_reduced.pdf,2025,2025.0,current,EUR,18.8014,2026-08-07,624.348,11738.6,,,113.533,2134.6,179.289,3370.9,,,"EUR 624,348 thousand gross rental income (FY2025, year ended 31 Dec 2025) [FY2024: EUR566,069k]. Including service charge income (EUR288,556k), revenue from energy activity (EUR11,262k) and revenue from sales of inventory property (EUR6,497k), combined revenue-type items total approximately EUR930,663 thousand","No traditional 'cost of sales' line. Closest equivalents (FY2025): Property operating expenses EUR(304,429) thousand; Costs of the energy activity EUR(1,627) thousand; Cost of sales of inventory property EUR(4,439) thousand","Administrative expenses: EUR(45,042) thousand (FY2025) vs EUR(35,193) thousand (FY2024)","Trade and other receivables (consolidated Group): EUR113,533 thousand (FY2025); EUR115,947 thousand (FY2024)","Trade and other payables (consolidated Group): EUR179,289 thousand (FY2025); EUR187,084 thousand (FY2024)","Inventory property (residential development held for sale): EUR0 (FY2025, fully sold/depleted); EUR4,227 thousand (FY2024). N/A - no traditional inventory line item (sector: REIT/shopping centre property); this minor line relates only to a residential development project, not core retail property operations","Not disclosed - no import/export trade figures found. The Group did disclose letters of guarantee received from tenants (EUR163,032 thousand) and from suppliers (EUR49,575 thousand) related to ongoing developments, but these are construction/leasing guarantees, not import/export trade facilities","Cash flow statement 'Changes in working capital': EUR(13,104) thousand (FY2025) vs EUR2,655 thousand (FY2024), comprising increase in trade and other receivables EUR(19,126)k, increase in trade and other payables EUR1,795k, and decrease in inventory property EUR4,227k","N/A as a simple domestic/foreign split - NEPI Rockcastle is domiciled in the Netherlands but has no property operations there; effectively ~100% of revenue is generated in the CEE region (Romania, Poland, etc.), i.e. all revenue is 'foreign' relative to the entity's country of incorporation. See geographic_revenue_split for the actual country breakdown","Gross rental income by country, FY2025 (EUR thousand): Romania 220,552; Poland 208,812; Bulgaria 51,533; Slovakia 41,547; Hungary 39,465; Croatia 26,024; Lithuania 16,167; Czech Republic 13,984; Unallocated/other 6,264 (Total 624,348). FY2024 (9 segments, included Serbia 11,603 prior to disposal): Romania 215,537; Poland 153,037; Bulgaria 47,282; Hungary 39,251; Slovakia 39,994; Croatia 24,775; Lithuania 15,318; Czech Republic 13,374; Serbia 11,603","Foreign exchange loss: EUR(445) thousand (FY2025) vs EUR(158) thousand (FY2024), disclosed as a separate line in the income statement","Group's current assets/liabilities exposed to RON, PLN, BGN, HUF, RSD, CZK and ZAR on purchases and receivables. Non-EUR cash inflows converted to EUR at spot rate on collection date as the primary currency-risk management policy. Note explicitly states sensitivities of profit/loss to reasonably possible FX rate changes are 'immaterial'. No material FX hedging programme disclosed (contrasts with active interest-rate hedging via caps/swaps)","310, 311, 330, 357, 361, 372",no AFS-labeled file found; used newest annual/integrated report,"NEPI Rockcastle N.V. is a REIT owning/operating shopping centres in Central and Eastern Europe (CEE), domiciled in the Netherlands, listed on JSE/Euronext Amsterdam/A2X. Reports in EUR, NOT ZAR or local CEE currencies. FY2025 = year ended 31 December 2025.",matched
E15,Naspers,tech,32707,4195834038.68,2226782921.79,1969051116.89,257731804.89999986,2023-07-01,2026-06-30,Naspers_FY2026_AFS.pdf,2026,2026.0,current,USD,16.3213,2026-08-07,10848.0,177053.5,,,608.0,9923.4,1170.0,19095.9,347.0,5663.5,"US$10,848 million from continuing operations (FY2026, year ended 31 March 2026); FY2025: US$7,181 million","No distinct 'cost of sales' line disclosed. Closest equivalent: 'Platform cost of sales, website hosting and warehousing cost' US$2,880 million (FY2026) vs US$2,539 million (FY2025)","Presented as aggregate 'Total expenses by nature': US$10,569 million (FY2026) vs US$7,062 million (FY2025), comprising items such as payment facilitation costs US$1,205m, delivery services cost US$1,087m, total staff costs US$2,686m, advertising expenses US$749m, general administration cost US$845m","US$608 million (FY2026, current); US$241 million (FY2025)","US$1,170 million (FY2026, current); US$365 million (FY2025)",US$347 million net (FY2026); US$321 million (FY2025). Gross inventory US$378m less allowance for slow-moving/obsolete of US$31m,"Not disclosed - no explicit import/export figures, letters of credit, or trade finance guarantees found in the excerpt","Cash flow statement 'Working capital' movement of US$(562) million in FY2026 (vs US$6m FY2025): cash movement in trade/other receivables US$(272)m, in payables/accruals US$(293)m, in inventories US$3m","South Africa (domestic) revenue was US$1,207m of US$10,848m total revenue (FY2026) - approximately 11.1% domestic / ~88.9% foreign (international)","External consolidated revenue by geography, FY2026 (US$m) [FY2025 in brackets]: Africa 1,207 [1,076] (South Africa 1,207 [1,073]); Asia 808 [718] (India 730 [660], rest of Asia 78 [58]); Europe 5,768 [3,692] (Central 1,726, Eastern 3,090, Western 893, Northern 59); LatAm 2,567 [1,572] (Brazil 2,157, Argentina 176, rest 234); North America 460 [122]; Other 38","P&L: net loss on 'translation of assets and liabilities' of US$(413) million (FY2026) vs gain of US$36 million (FY2025), within finance costs - net, driven mainly by unrealised FX losses on euro-denominated bonds. Separately, OCI foreign currency translation reserve movement was a gain of US$2,814 million (FY2026) vs US$64 million (FY2025) from translating foreign operations (equity/OCI item, not P&L)","Presentation currency is USD; group most significantly exposed to EUR, INR, BRL, ARS, RON and TRY/PLN, with lesser exposure to CAD, ILS, MXN, GBP, RMB and ZAR. Sensitivity: a 10% USD appreciation against the most significant currencies would increase net profit after tax by US$428m (FY2026) / US$400m (FY2025) and increase other equity by US$91m / US$5m. Uses forward exchange contracts for forecast transactions/firm commitments (e.g. approx EUR4.2bn/US$4.9bn cash flow hedge for the JET acquisition) and has historically hedged net investments in foreign operations.","32, 71, 73, 84, 87, 120, 139, 140, 141",,"This is Naspers' FY2026 annual report (year ended 31 March 2026). Reports in US Dollars, NOT South African Rand, despite Naspers being JSE-listed/South African-domiciled. Figures are continuing operations unless stated; group has no single 'cost of sales' or 'operating expenses' line - it discloses an aggregate 'Expenses by nature' note instead.",matched
E07,OUTsurance Group,insurance,13770,866964442.15,405028900.04,461935542.11,-56906642.06999999,2023-07-01,2026-06-30,ogl-annual-financial-statements-2025.pdf,2025,2025.0,current,ZAR,1.0,,37131.0,37131.0,,,4.0,4.0,12.0,12.0,,,"R 37,131 million (Insurance revenue, FY2025 - OUTsurance is an insurer, this is net insurance revenue not a plain 'revenue' line)","N/A - insurer, no cost of sales line","R 11,673 million (Total operating expenses including directly attributable and non-attributable expenses, FY2025)","R 4 million (Other receivables, Company-level - no separate Group-level trade receivables line found; insurer balance sheets typically don't break out 'trade receivables' at Group level)","R 12 million (Trade and other payables, Company-level)",N/A - no inventory line item (sector: insurer),"Not explicitly disclosed as import/export trade figures. A EUR 10 million Forward Exchange Contract (FEC) was used to hedge the capital investment in OUTsurance Irish Insurance Holdings Limited, maturing November 2025.",'Changes in working capital' referenced generically in the cash flow reconciliation; no specific commentary or figures on movements disclosed.,not disclosed as a percentage; raw segment split disclosed instead (see geographic_revenue_split) - Youi (Australia) + OUTsurance Ireland together are the foreign components,"FY2025 Insurance revenue by segment: OUTsurance (South Africa) Personal R10,345m + Business R3,002m = R13,347m; Youi Group (Australia) Personal R20,170m + Business R1,157m + CTP R1,223m = R22,550m; OUTsurance Ireland R97m. Rough calc: Australia ~60.8%, South Africa ~36.0%, Ireland ~0.3% of R37,131m total.","R 21 million gain (Foreign exchange gain/(loss), FY2025)",Currency risk arises mainly from translation of foreign investments/subsidiaries denominated in Australian Dollar and Euro; transactional foreign currency exposure is considered not significant. FECs used to hedge Rand-Euro volatility on a specific capital investment. Some US$ exposure relates to unlisted equity holdings.,"44, 45, 58, 60, 189, 199, 201",,All figures in R million unless stated. FY ended 30 June 2025. Trade receivables/payables sourced at Company level (not Group level) since no Group-level trade receivables/payables line was found in the excerpt for this insurer.,matched
E11,Pepkor Holdings,consumer,929773,103031034091.32,56218309586.25,46812724505.07,9405585081.18,2023-07-01,2026-06-30,Pepkor annual financial statements 2025.pdf,2025,2025.0,current,ZAR,1.0,,95340.0,95340.0,57388.0,57388.0,14606.0,14606.0,16890.0,16890.0,18618.0,18618.0,"R 95,340 million (Revenue, FY2025)","R (57,388) million (FY2025)","R (18,814) million (FY2025)","R 14,606 million (Trade and other receivables, current, FY2025)","R 16,890 million (FY2025)","R 18,618 million (FY2025)","Letters of credit, forex facilities and asset-based finance facilities totaling R 1,937 million disclosed (FY2025). Inventory accounting policy references costs including inbound freight and customs duties, implying material import activity, but no separate import/export value figure is given.",No explicit standalone working capital commentary/movement paragraph found; inventories accounting policy notes inbound freight and customs duties are capitalized into inventory cost.,"~14.56% (Other foreign countries revenue of R13,884m / total revenue of R95,340m, FY2025)","FY2025: South Africa R81,456 million; Other foreign countries R13,884 million (includes Brazil ~R4.5 billion).","R (504) million loss (Foreign exchange losses, FY2025)","Presentation currency is ZAR; various foreign subsidiaries have their own functional currencies. Forward exchange contracts used to manage exchange rate fluctuation exposure. Sensitivity analysis performed on Angolan kwanza, Botswana pula, Brazilian real, Chinese yuan, Mozambican metical, US dollar, and Zambian kwacha vs ZAR - impact on profit assessed as not material. Policy to hedge 60%-80% of forecast USD and CNY cash flows for inventory purchases up to 12 months forward.","21, 23, 29, 31, 41, 44, 65, 76, 79, 82, 83",,All figures in R million unless stated. FY ended 30 September 2025.,matched
E14,Prosus,tech,49695,5875890798.54,3257107753.89,2618783044.65,638324709.2399998,2023-07-01,2026-06-30,Prosus_FY2026_Annual Report 2026.pdf,2026,2026.0,current,USD,16.3213,2026-08-07,9705.0,158398.2,5198.0,84838.1,570.0,9303.1,1109.0,18100.3,271.0,4423.1,"USD 9,705 million (Revenue, FY2026)","USD (5,198) million (Cost of providing services and sale of goods, FY2026)","USD (4,203) million (Selling, general and administration expenses, FY2026)","USD 570 million (Trade receivables, FY2026)","USD 1,109 million (Trade payables, FY2026)","USD 271 million (Inventory, FY2026)","'Export controls' mentioned only in a general compliance/risk context; no specific import or export figures, trade facilities, letters of credit, or guarantee amounts disclosed in the excerpt.","'Working capital' referenced in the cash-from-operations discussion and again noting trade receivables and other working capital are pledged as collateral for certain financing, but no explicit quantified working capital movement commentary found.",not disclosed as a single percentage; company is inherently near-100% non-domestic (South Africa) given it's a global internet group - see geographic split for the actual breakdown,"FY2026, by region: Asia USD 808m (India USD 730m, Rest of Asia USD 78m); Europe USD 5,768m (Central Europe USD 1,726m, Northern Europe USD 59m, Eastern Europe USD 3,090m, Western Europe USD 893m); LatAm USD 2,567m (Brazil USD 2,157m, Argentina USD 176m, Rest of LatAm USD 234m); North America USD 460m; Other USD 102m.","USD (405) million loss (Losses on translation of assets and liabilities, FY2026), driven primarily by unrealised FX losses on euro-denominated bonds. Note: in OCI, foreign exchange gains on translation of foreign operations of USD 2,797 million and a USD (296) million share of equity-accounted investments' FX translation reserve movement were also reported.","Group operates internationally with exposure to multiple currencies including USD, EUR, INR, BRL, ARS, RON, TRY, and PLN. Uses forward exchange contracts to hedge forecast transactions/firm commitments, plus derivatives and euro-denominated group bonds as hedges (the euro bonds themselves generate unrealised translation FX volatility against the USD reporting currency). Sensitivity analysis: a 10% increase in USD against relevant currencies would increase net profit after tax by approximately USD 428 million for FY2026.","3, 36, 140, 141, 162, 169, 193, 196, 204",no AFS-labeled file found; used newest annual/integrated report,"Reports in USD, not ZAR/EUR - all figures above are USD million. FY ended 31 March 2026. Prosus is a multinational internet/technology investment group (stakes incl. Tencent) so nearly all revenue is generated outside South Africa; a single 'foreign revenue %' isn't presented by the company itself, hence the geographic table is the primary source.",matched
E08,Sanlam,insurance,609205,73838648731.25,40370847465.3,33467801265.95,6903046199.350002,2023-07-01,2026-06-30,Sanlam-AFS-2023.pdf,2023,2023.0,STALE (FY2023 vs. most peers FY2025/2026) - needs team decision on confidence weighting,ZAR,1.0,,112282.0,112282.0,,,20014.0,20014.0,30800.0,30800.0,,,"R 112,282 million (Insurance revenue, Group, continuing operations, FY2023) - Sanlam is an insurer; this is the closest equivalent to a 'revenue' line under IFRS 17, not gross written premium as such","N/A - insurer, no cost of sales line","R (90,425) million (Insurance service expenses, Group, continuing operations, FY2023) - used as closest equivalent to operating expenses; note this IFRS 17 line includes claims/benefits paid and related costs, not a traditional SG&A-style opex figure. A narrower 'Administration costs' line of R(1,074)m was also found but only for a discontinued-operations sub-segment, so the group Insurance service expenses figure was used instead.","R 20,014 million (Total trade and other receivables, Group, FY2023)","R 30,800 million (Total trade and other payables, Group, FY2023)",N/A - no inventory line item (sector: insurer),"No trade import/export figures; instead, guarantee/facility disclosures: Sanlam guaranteed SanFin's unlisted commercial paper programme (R20 billion limit, R5.05 billion utilised in 2023); provided security to third parties for preference share business (R35 billion approved limit, R15 billion utilised); and Sanlam Emerging Markets (SEM) entered a performance guarantee with Stanbic Bank Kenya for a revolving credit facility to Sanlam Kenya (KES 4 billion, approx. R414 million).","'Working capital assets and liabilities' referenced in the context of term/duration matching for capital management and appear as line items within the currency-risk exposure tables, but no explicit standalone working capital movement commentary/paragraph was found.","Approx. 8.8% foreign for IFRS 15 (fee-based) revenue only in FY2023 ((Africa excl. SA R139m + Other International R1,530m) / total R18,960m) - this is NOT the percentage for the R112,282m total Insurance revenue figure, for which no group-wide geographic split was found in the excerpt; treat with caution as a partial proxy only.","FY2023 'Geographical analysis of shareholder and policyholder revenue' (IFRS 15 revenue basis, R million): South Africa R14,517m; Africa (excluding South Africa) R139m; Other International R1,530m; total IFRS15 revenue R16,186m, plus revenue not in scope of IFRS 15 of R2,774m = total R18,960m. Separately, segmental disclosures show non-current assets by geography: South Africa R826,063m, Africa (ex-SA) R27,891m, Other International R80,612m (FY2023). No group-wide geographic breakdown of the main R112,282m Insurance revenue figure was found in this excerpt.","Not disclosed as a single consolidated 'FX gains/losses' line in the excerpt. 'Foreign currency translation differences' appear as a small component within embedded-value earnings analysis (e.g. R(32)m/R(72)m for covered business, FY2023) but this is not a comprehensive P&L FX gain/loss figure.","Group-level 'Market risk - currency risk' table (capital portfolio, FY2023) shows net foreign currency exposure by currency: Euro R(175)m, US dollar R9,827m, British pound R401m, Botswana pula R3,191m. Additionally, Santam (subsidiary) discloses operational currency risk (underwriting liabilities in non-functional currencies) and structural currency risk (investment in Sanlam target shares), assessed case-by-case, with hedges only when approved. Overall foreign currency risk is managed via an asset-liability matching policy relative to the Rand, given the group's expansion into Africa, South-East Asia, and India.","40, 63, 64, 98, 179, 180, 181, 225, 228, 266, 268",Latest AFS-labeled file is 2023; FY2025 only available as Integrated Report / unclear 'FY24.pdf'.,"IMPORTANT: Source PDF is the 2023 Annual Financial Statements (FY ended 31 December 2023), NOT FY2025 - figures are approximately 2 years stale relative to the other companies, which report FY2025/FY2026 results. All figures in R million unless otherwise stated.",matched
E20,Shaftesbury Capital plc,real_estate,1418,37316679.03,17764854.88,19551824.15,-1786969.2699999996,2023-07-03,2026-06-28,Shaftesbury Capital Annual Report 2025.pdf,2025,2025.0,current,GBP,21.9424,2026-08-07,216.3,4746.1,,,155.1,3403.3,98.1,2152.5,,,"GBP 216.3 million (FY2025, net rental/property income per segmental note; 2024: GBP 205.0 million). Excludes service charge income/expenses of GBP 22.6m. No separate consolidated income statement was in the excerpt (it began at the notes), so this is the Group's segmental 'Revenue' line, the closest disclosed revenue equivalent for a REIT.","N/A - Shaftesbury is a UK REIT (investment/trading property), no cost of sales / COGS line exists under its income statement format.","GBP 38.6 million (FY2025 property/segmental 'Costs' line, closest equivalent to property operating expenses; 2024: GBP 37.9 million). Note: a separate 'Administration expenses' note is referenced multiple times but its full total was not included in the excerpt.","GBP 155.1 million total trade and other receivables (GBP 113.8m non-current + GBP 41.3m current), FY2025 (2024: GBP 170.1 million). Within this, net rent receivable (closest to 'trade receivables') was GBP 13.3 million (2025) vs GBP 9.9 million (2024), net of an ECL provision of GBP 4.9m (2025)/GBP 8.0m (2024). Gross rent receivable was GBP 18.2m (2025) vs GBP 17.9m (2024).","GBP 98.1 million total trade and other payables, all current, FY2025 (2024: GBP 84.8 million). Comprised of rent in advance GBP 27.6m, accruals GBP 37.2m, other payables GBP 24.0m, other taxes/social security GBP 9.3m.","N/A - no inventory line item (sector: UK Real Estate Investment Trust; properties are classified as investment property or trading property under IAS 40/IAS 2, not disclosed as 'inventory' in the consolidated statement of financial position).","Not disclosed - not applicable. Shaftesbury is a UK-only property investment/management REIT with no goods trade, imports, exports, letters of credit, or trade finance facilities disclosed.","Cash flow note discloses working capital movements: Change in trade and other receivables +GBP 15.6m (2025) vs -GBP 4.6m (2024); Change in trade and other payables +GBP 8.5m (2025) vs -GBP 10.2m (2024), feeding into cash generated from operations of GBP 161.2m (2025) vs GBP 108.7m (2024).","Not applicable - UK-only portfolio (100% West End of London: Covent Garden, Carnaby, Soho, Chinatown). No foreign revenue disclosed.","Not applicable in the geographic sense - Group is 100% UK/London. Segmental split is by internal reporting segment (property zone), not geography: Covent Garden GBP 108.9m vs Other GBP 107.4m (FY2025 revenue); Covent Garden GBP 102.4m vs Other GBP 102.6m (FY2024).","Not disclosed - no foreign exchange gains/losses line appears anywhere in the excerpt (consistent with a GBP-functional, UK-only property group).","No currency/FX risk section exists in the excerpt at all. 'Financial risk management' note covers only interest rate risk, liquidity risk, and credit risk - there is no 'currency risk' sub-section, which is consistent with the Group being GBP-functional-currency and UK-only. The only FX-related mentions are references to the IAS 21 'Effects of Changes in Foreign Exchange Rates' amendment (Lack of Exchangeability), which the Group states had no material impact.","165-171, 172, 183, 184-190, 192",no AFS-labeled file found; used newest annual/integrated report,"Reports in GBP, not ZAR/USD. Excerpt is notes-only (starts partway through the document); the primary consolidated income statement and full accounting-policy revenue recognition disclosure were not captured, so revenue is sourced from the segmental note. No FX/currency-risk section exists in the excerpt, consistent with the UK-only business.",matched
E09,Shoprite Holdings,consumer,202376,31253924097.46,16980490376.41,14273433721.05,2707056655.3600006,2023-07-01,2026-06-30,shp-afs-2025.pdf,2025,2025.0,current,ZAR,1.0,,256682.0,256682.0,191259.0,191259.0,3506.0,3506.0,24474.0,24474.0,29748.0,29748.0,"R 256,682 million total revenue for FY2025 (52 weeks ended 29 June 2025), restated 2024: R 236,328 million. Comprised of Sale of merchandise R 252,701m + Alternative revenue (other operating income) R 3,763m + Interest revenue R 218m. Currency: South African Rand (Rm).","R (191,259) million (FY2025; 2024 restated: R (176,549) million), yielding gross profit of R 61,442 million.","Other operating expenses R (22,366) million (FY2025; 2024: R (21,916) million). Also disclosed separately: Employee benefits R (20,268)m (2024: R (18,289)m) and Depreciation and amortisation R (8,012)m (2024: R (6,845)m), all deducted in arriving at Trading profit of R 14,951m.","R 3,506 million trade receivables from contracts with customers (FY2025; 2024: R 3,220 million), gross R 3,616m less impairment provision R 110m. Total 'trade and other receivables' (incl. instalment sale receivables, other receivables, lease receivables, prepayments) was R 6,291 million (2025) vs R 6,714 million (2024).","R 24,474 million trade payables (FY2025; 2024: R 22,949 million). Total 'trade and other payables' (incl. other payables/accruals, deposits, employee benefit accruals, indirect taxes, refund liability) was R 34,160 million (2025) vs R 32,544 million (2024).","R 29,748 million (FY2025; 2024: R 28,366 million), all classified as current assets.","No explicit import/export dollar figures disclosed. The Group states 'the Group does not have significant foreign creditors as most inventory imports are prepaid.' Cost of merchandise includes customs duties as part of inventory cost. Franchisee/buying-aid trade facilities are secured by notarial and mortgage bonds and bank guarantees of R 3.0 billion (2024: R 1.2 billion) and R 928 million (2024: R 575 million) respectively (relates to franchise credit risk, not import/export trade finance). Company-level financial guarantees of R 25.3 billion (2024: R 24.2 billion) support subsidiaries' revolving credit facilities, unrelated to imports/exports.","Cash flow note 'Changes in working capital' for FY2025: Inventories R (2,957)m, Trade and other receivables R (579)m, Short-term supplier financing arrangements R (365)m, Trade and other payables R +1,529m, Contract liabilities R +60m, netting to R (2,312)m total working capital change (2024: +R 3,252m).","~9.1% of continuing-operations external sale of merchandise came from outside South Africa in FY2025: R 23,044m 'Outside South Africa' out of R 252,701m total (2024: R 21,565m outside SA of R 232,088m total, ~9.3%). Note: several African operations (Nigeria, Malawi, Ghana, Kenya, Uganda, Madagascar, DRC) were reclassified as discontinued and excluded from this continuing-operations split.","By reportable segment (external sale of merchandise, FY2025): Supermarkets RSA R 213,497m; Supermarkets Non-RSA R 20,568m; Other operating segments R 18,636m (Total R 252,701m). By geography: South Africa R 229,657m; Outside South Africa R 23,044m (Total R 252,701m).","Exchange rate (losses)/gains within trading profit: R (3) million in FY2025 vs R 27 million gain in FY2024. Separately, OCI includes foreign currency translation differences (including hyperinflation) of R (299)m from continuing operations and R 10m from discontinued operations in FY2025 (2024: R (628)m and R 41m).","Group is primarily ZAR-denominated but operates across ~10 African countries. Treasury hedges net foreign-currency positions using call deposits and forward FX contracts (three months or more of cumulative commitments); no forward contracts were entered into in FY2025. Primary exposures: US dollar (via intercompany loans - R313m liability 2025) and South African rand intercompany balances; USD exposure partly naturally hedged by USD-linked Angola government bonds (R539m). The Group also designates USD-denominated lease liabilities (nominal US$57m) as a net investment hedge of its US-dollar-functional Shoprite International Ltd subsidiary. Sensitivity analysis: total possible decrease in FY2025 post-tax profit from estimated currency movements (NGN, ZAR vs USD) was R 103 million (2024: R 3 million decrease). Onerous exchange control regulations restrict repatriation of local cash in Angola, Nigeria and Malawi (R 714m held locally, 2025).","11, 19, 24, 25, 33, 40, 47, 60, 61, 62",,"Reports in South African Rand (Rm), not USD. Figures are Group/consolidated (continuing operations unless noted). FY2025 comparatives were restated for operations (furniture business; Nigeria, Malawi, Ghana, Kenya, Uganda, Madagascar, DRC) reclassified as discontinued under IFRS 5, so continuing-operations totals in the FY2025 AFS differ from the originally reported FY2024 figures.",matched
E18,The Bidvest Group,industrials_pharma,107618,13354552223.66,7291824729.32,6062727494.34,1229097234.9799995,2023-07-01,2026-06-30,Bidvest_FY2025_Company AFS.pdf,2025,2025.0,current,ZAR,1.0,,,,,,205.745571,205.7,14.12806,14.1,,,"N/A as 'revenue' in the trading sense - Company statement of comprehensive income shows only 'Dividend revenue' of R 3,544,337,438 (approx R3,544.3 million) for FY2025 (2024: R2,447,098,981), almost entirely dividends from subsidiaries/associates, not trading revenue",Not disclosed / not applicable - Company-level statements (holding company) have no cost-of-sales line,"Administration expenses of R893 only (2024: R1,804) - trivial holding-company overhead; not comparable to a Group opex figure","Trade and other receivables: R 205,745,571 (approx R205.7 million), FY2025 (2024: R34,545,824)","Trade and other payables: R 14,128,060 (approx R14.1 million), FY2025 (2024: R14,007,936)","N/A - no inventory line item (sector: investment holding company; Company-level balance sheet holds only investments in subsidiaries/associates, loans, cash, and receivables - no inventory)","Not disclosed at Company level. Company has issued guarantees to external funders of The Bidvest Group (UK) PLC and to banking/other facilities utilised by subsidiaries and associates (contingent liabilities of R38,613,672,236 at 30 June 2025 relating to such guarantees), but no specific import/export trade-finance figures are given.","Not meaningfully disclosed at Company level; cash generated by operations reconciliation references 'decrease in trade and other receivables' and 'increase in trade and other payables' as adjusting items but this is holding-company intercompany activity, not operational working capital","Not disclosed - Company-level AFS contain no geographic revenue analysis (that disclosure exists only at consolidated Group level, which is not in this excerpt)",Not disclosed at Company level,"Not separately quantified as a line item in the Company statements; note 1.10 states 'foreign exchange gains and losses...are recognised in profit or loss' generically for amortised-cost financial assets, but no FY2025 figure is given","No dedicated Company-level currency risk note/sensitivity analysis found in this excerpt. The Company's disclosed financial risks are limited to credit risk (loans to Group companies, cash at banks) and liquidity risk (guarantees, amounts owing to Group companies); this is expected given the Company's transactions are mostly ZAR-denominated intercompany dividends/loans.","17, 18, 21, 23, 32",Bidvest FY2025 AFS available is Company-level only; Group FY2025 AFS not in folder (only Group FY2024 present).,"IMPORTANT: This source PDF ('Bidvest_FY2025_Company AFS.pdf') is the Company-level (separate, not consolidated) financial statements of The Bidvest Group Limited, i.e. the holding company only. Figures such as 'revenue' (dividend income from subsidiaries), trade receivables/payables, and the balance sheet (dominated by 'Investments in subsidiaries' of ~R29.4 billion) will look far smaller and structurally different than the true consolidated Bidvest Group numbers. Do not compare these figures directly with other companies' consolidated results. Reports in South African Rand (R), FYE 30 June 2025.",matched
E06,Valterra Platinum,mining,794,138624040.35582826,97693551.49582827,40930488.86,56763062.63582827,2023-07-01,2026-06-30,AFS.pdf,2024,,STALE (FY2024 vs. most peers FY2025/2026) - needs team decision on confidence weighting,ZAR,1.0,,108987.0,108987.0,90769.0,90769.0,3698.0,3698.0,23438.0,23438.0,30087.0,30087.0,"ZAR 108,987 million net revenue for FY2024 (year ended 31 December 2024; 2023: ZAR 124,583 million), being gross revenue of ZAR 109,007m (2023: ZAR 124,604m) less commissions paid of ZAR 20m (2023: ZAR 21m). Note: this excerpt is Anglo American Platinum's 2024 AFS - the entity subsequently renamed/demerged as Valterra Platinum. Currency is South African Rand, not USD, despite platinum being a globally USD-priced commodity.","ZAR (90,769) million (FY2024; 2023: ZAR (103,570) million), yielding gross profit of ZAR 18,218 million (2023: ZAR 21,013 million). Cost of sales includes on-mine costs, labour, stores, utilities, smelting, treatment/refining, purchase of metals (POC), and metal inventory/ore stockpile movements.","No single 'operating expenses' line; overheads are largely embedded in cost of sales. Closest equivalents disclosed separately below gross profit: Market development and promotional expenditure ZAR (1,343)m (2023: ZAR (1,800)m), Other expenditure ZAR (3,610)m (2023: ZAR (2,410)m), and Scrapping of capital work-in-progress and PP&E ZAR (1,868)m (2023: ZAR (177)m).","ZAR 3,698 million total 'Trade and other receivables' (all current), FY2024 (2023: ZAR 3,823 million). Sub-analysis: Trade receivables (amortised cost) ZAR 1,919m + Provisionally priced trade receivables (FVTPL) ZAR 569m + Other receivables ZAR 1,202m + Metal leasing receivables ZAR 8m.","ZAR 23,438 million total 'Trade and other payables' (all current), FY2024 (2023: ZAR 24,540 million). Sub-analysis: Trade payables ZAR 13,386m + Purchase of concentrate liability ZAR 7,411m + Other payables ZAR 8,370m (incl. related parties ZAR 3,137m) + Metal leasing payables ZAR 1,783m, less embedded derivative ZAR (101)m.","ZAR 30,087 million total (FY2024: ZAR 24,759m current + ZAR 5,328m non-current, the latter being long-term work-in-progress metal inventory reclassified as non-current due to extended processing periods; 2023: ZAR 36,279m current + ZAR 833m non-current = ZAR 37,112m total). Metal (PGM) inventory quantities/valuation was flagged as a Key Audit Matter due to significant estimation judgement.","No explicit import/export dollar totals disclosed. The Group is an exporter of PGMs (platinum, palladium, rhodium, nickel) with sales revenue by country showing Japan ZAR 29,524m, United Kingdom ZAR 21,638m, and Germany ZAR 20,158m each individually contributing >=10% of Group revenue in FY2024. 'Purchase of concentrate' (POC) and 'tolling' arrangements (ZAR 39,832m net sales revenue) represent third-party metal purchase/processing, effectively an import-like inbound metal supply chain, provisionally priced with FX/metal-price exposure until finalised ~3-6 months later.","Cash flow note 'Working capital changes' for FY2024: Decrease in inventories ZAR 6,763m, Decrease/(increase) in other financial assets ZAR 1,858m, Increase/(decrease) in other liabilities ZAR 795m, Increase/(decrease) in other financial liabilities ZAR 431m, Decrease in ore stockpiles ZAR 426m, Increase in provisions ZAR 358m, Increase in stores and materials ZAR (82)m - net working capital changes of ZAR 8,703m inflow (2023: ZAR (4,048)m outflow).","~94% of gross sales revenue was earned outside South Africa in FY2024 (South Africa-attributed revenue of ZAR 6,171m out of ZAR 106,881m total gross sales revenue by region), reflecting that PGMs mined/processed in South Africa (and Zimbabwe) are sold internationally via marketing operations in London and Singapore.","Gross sales revenue by principal region (FY2024, ZAR millions): Precious metals - Asia 48,006, Europe 36,654, North America 4,331, South Africa 2,824; Base metals - Europe 7,607, Asia 1,893, South Africa 1,083, Rest of World 305; Other - South Africa 2,264, Asia 1,844, Europe 70. By country (>=10% of Group revenue): Japan 29,524, United Kingdom 21,638, Germany 20,158. Mining operations are in South Africa (5 mines) and Zimbabwe (Unki mine); marketing activities are in London and Singapore.","Non-mining-related foreign currency losses of ZAR (534) million in FY2024 (2023: ZAR (231) million), disclosed within the segmental EBITDA reconciliation as a corporate allocation item, and added back (as a loss) in reconciling adjusted EBITDA to gross profit. Separately, OCI included foreign exchange translation gains of ZAR 308 million (2023: ZAR 2,206 million), and the cash flow statement shows FX differences on cash and cash equivalents of ZAR 170 million (2023: ZAR 2,250 million).","Primary FX exposure is to the US dollar (metals are priced in USD; POC/purchase-of-concentrate liabilities and trade payables denominated in USD are exposed to exchange-rate movement between delivery and final pricing). A 10% USD move would affect profit/(loss) by ZAR 1,328m (2024) / ZAR 1,540m (2023). Additional exposure to the Zimbabwean gold dollar (ZWG)/US dollar via Unki operations (10% ZWG move: ZAR 99m-121m profit impact). The Group uses forward foreign exchange contracts (not options, without EXCO approval) as its primary FX risk management instrument, but explicitly states these are not used for speculative purposes and none were entered into during FY2024. No forward FX contracts were designated as accounting hedges.","20, 21, 24, 25, 26, 38, 43, 45, 53, 54",,"Source document is 'Anglo American Platinum Limited' FY2024 audited AFS - this is the entity that became/is being demerged as Valterra Platinum; figures are Group (consolidated), reported in South African Rand (ZAR), NOT US dollars, despite PGMs being globally USD-priced commodities. Fiscal year end is 31 December (not aligned to a South African retail/June fiscal year).",matched
E17,Vodacom Group,telecoms,7849,738191138.53,372240395.22,365950743.31,6289651.910000026,2023-07-01,2026-06-30,Vodacom_FY2026_AFS.pdf,2026,2026.0,current,ZAR,1.0,,167652.0,167652.0,,,18676.0,18676.0,19839.0,19839.0,2112.0,2112.0,"R 167,652 million total revenue for FY2026 (year ended 31 March 2026; FY2025: R 152,227 million). Currency: South African Rand (Rm).","N/A - Vodacom (a telecommunications group) does not present a 'cost of sales' line; the closest equivalent is 'Direct expenses' of R (64,262) million (FY2026; FY2025: R (59,340) million), covering customer acquisition/retention costs, interconnect expenses, commissions, and converged solutions expenses.","Combination of: Staff expenses R (11,082)m, Publicity expenses R (2,257)m, Net credit losses on financial assets R (1,897)m, Other operating expenses (network operational + administrative expenses) R (24,020)m, and Depreciation and amortisation R (24,285)m (all FY2026; FY2025 equivalents: R (10,435)m, R (1,914)m, R (2,096)m, R (23,407)m, R (21,934)m respectively).","R 18,676 million trade receivables (FY2026; FY2025: R 17,674 million). Total 'trade and other receivables' (incl. contract assets, deferred customer acquisition costs, prepayments, VAT, operating lease receivables, derivatives, finance receivables) was R 35,406 million (2026, of which R 5,420m non-current) vs R 33,283 million (2025).","R 19,839 million trade payables (FY2026; FY2025: R 20,828 million). Total 'trade and other payables' (incl. contract liabilities, capital expenditure creditors, indirect taxes, accruals, derivatives) was R 46,767 million (2026, of which R 586m non-current) vs R 44,443 million (2025).","R 2,112 million (FY2026, current only; FY2025: R 2,287 million) - handset/device and equipment inventory for a telecom operator.","Not disclosed in dollar/quantity terms. The Group discloses that forward foreign exchange contracts are entered into 'primarily for the purchase of capital equipment, inventory and to a lesser extent operating expenditure' (implying imported network equipment/handsets), and separately references a US$150 million 5G spectrum licence fee paid to Egypt's telecoms regulator plus US$17 million for licence extensions (settled January 2025) - these are regulatory/licence payments, not trade imports/exports per se. No letters of credit, guarantees, or explicit import/export trade values were found.","Cash flow note 'Cash generated from operations' for FY2026: Decrease/(increase) in inventory R +87m, Increase in trade and other receivables R (5,661)m, Increase in mobile financial payables/trade and other payables/provisions R +6,513m, moving from R 64,898m (cash flows before working capital changes) to R 65,837m cash generated from operations (FY2025: R (24)m, R (3,582)m, R +7,021m, and R 57,450m to R 60,865m respectively).","~45.0% of external customer segment revenue came from outside South Africa in FY2026: R 75,415m (Egypt R 41,358m + International segment R 33,997m + Corporate R 60m) out of R 167,652m total, vs South Africa segment R 92,237m (55.0%).","External customer segment revenue (FY2026, Rm): South Africa 92,237; Egypt 41,358; International (Tanzania, Mozambique, Lesotho, DRC, M-Pesa Africa, Vodacom International, Vodacom Business Africa) 33,997; Corporate 60; Total 167,652. Safaricom (34.94% effective interest, equity-accounted associate covering Kenya/Ethiopia among others) is presented as a separate segment with its own revenue of R 56,975m (not consolidated into Group revenue).","Net foreign exchange loss of R (167) million in FY2026 (FY2025: R (459) million loss), recognised within operating profit, attributable to exchange rate fluctuations in major currencies.","The Group is mainly exposed to the Euro and US dollar, and to a lesser extent the Egyptian pound, Congolese franc, Pound sterling, Swiss franc, Australian dollar, Tanzanian shilling, Mozambican metical, Mauritian rupee, Lesotho maloti, Nigerian naira, Zambian kwacha, West/Central African francs, Ghanaian cedi, Kenyan shilling and South African rand. Net currency exposure by functional currency is disclosed (e.g., ZAR entities net short EUR R(643)m/USD R(1,341)m in FY2026). The Group's South African operations use forward foreign exchange contracts mainly for capital equipment and inventory purchases; policy is generally for entities to borrow in their own functional currency. A sensitivity analysis quantifies the impact of currency moves (e.g., ZAR sensitivity of 6.9% to EUR, 4.4% to USD) on post-tax profit and equity. Outstanding net FX forward contract asset was R 60m (2026) vs net liability R (33)m (2025).","19, 21, 40, 41, 45, 60, 61, 72, 73, 81, 82, 83",,"Reports in South African Rand (Rm), not USD, despite significant multi-country African/Egyptian operations. Figures are Group/consolidated for the year ended 31 March 2026 (FY2026), the most recent full year in this excerpt. Safaricom (Kenya/Ethiopia) is equity-accounted as an associate and shown as a separate reportable segment rather than being consolidated line-by-line into Group revenue.",matched
