entity_name,source_file,fiscal_year,fiscal_year_detected,data_vintage_flag,currency,fx_rate_to_zar,page_ref,file_selection_flag,inventory_zar_millions,inventory_millions,inventory,trade_receivables_zar_millions,trade_receivables_millions,trade_receivables,imports_exports,working_capital_notes,notes
Anglo American,AA annual-report-full-2025.pdf,2025,2025,current,USD,16.3213,"129, 154, 274, 275, 277, 278, 317, 320",no AFS-labeled file found; used newest annual/integrated report; Folder contains a file referencing 'AGA' (AngloGold Ashanti's ticker) - verify this isn't misfiled.,62331.0,3819,"USD 3,819 million total (current USD 3,013m + non-current USD 806m), FY2025 (2024: USD 6,439m).",66215.5,4057,"USD 4,057 million total 'Trade and other receivables' (current USD 3,748m + non-current USD 309m), FY2025 (2024: USD 3,660m).","No quantified import/export revenue or trade-finance facility figures disclosed. Excerpt states Anglo American is 'one of the world's largest exporters of steelmaking coal' serving customers in Asia, Europe and South America, and that trade-receivable credit risk is partly mitigated via letters of credit from financial institutions as payment security instruments.","Cash flows from operations were roughly flat at USD 7.0bn (2024: USD 6.9bn) as a lower working capital inflow of USD 0.6bn (2024: USD 1.5bn inflow) was offset by improved other operating cash flows. Within working capital: a USD 0.7bn inventory inflow (De Beers stock rebalancing), a USD 0.9bn receivables outflow (high copper prices/provisional pricing adjustments), largely offset by a USD 0.8bn payables inflow (higher amounts due on third-party copper purchases).","Reports in USD, not ZAR/GBP, despite UK primary listing. FY2025 figures separate discontinued operations (Steelmaking Coal, Nickel held for sale; Valterra Platinum demerged in 2025); continuing-operations figures used above unless noted. No single 'cost of sales' line or geographic (destination) revenue split found in this excerpt."
AngloGold Ashanti,ERDEC25.pdf,2025,,current,USD,16.3213,"6, 19, 20, 21, 22, 23, 39",no AFS-labeled file found; used newest annual/integrated report,20417.9,1251,"USD 1,251 million total (current USD 1,076m + non-current USD 175m), FY2025 (2024: USD 1,213m).",10967.9,672,"USD 672 million total 'Trade, other receivables and other assets' (current USD 423m + non-current USD 249m), FY2025 (2024: USD 569m). Contingent consideration is now shown as a separate line (USD 60m non-current + USD 62m current).","Not disclosed - no import/export revenue split, letters of credit, or trade-finance guarantee figures found in this earnings-release excerpt.","No detailed inventory/receivables/payables cash-flow working-capital breakdown was found for the Group cash flow statement in this excerpt (only 'Cash generated from operations' of USD 5,409m vs 2024 USD 2,063m is shown); underlying working-capital movement components are not itemized here.","Reports in USD, not ZAR, despite JSE secondary listing and South African heritage. Source document is the Q4/FY2025 Earnings Release (not the full Annual Report/20-F); items like detailed FX sensitivity, import/export disclosures, and working-capital cash-flow breakdown were 'not disclosed' here but may exist in the full filing."
Aspen Pharmacare,Aspen_FY2025_AFS.pdf,2025,2025,current,ZAR,1.0,"15, 16, 19, 47, 49, 51, 73, 75, 79, 88",,18009.0,18009,"R18,009 million, FY2025 (2024: R18,002m) - Raw materials R4,468m, Work-in-progress R3,334m, Finished goods R9,143m, Consumables R1,064m.",10646.0,10646,"Net trade receivables R10,646 million (gross R11,166m less allowance for credit losses R520m); total 'Receivables and other current assets' R13,339 million, FY2025 (2024: net trade receivables R10,299m; total R12,664m).","No export/import revenue split or letters-of-credit/trade-guarantee figures disclosed. Related disclosures: a 6-year API supply agreement (R37m realised in FY2025 cost of sales) and a 5-year heparin supply agreement (advance rebate prepayment of R595m/EUR29m, with R118m/EUR6m realised in FY2025 cost of sales) - these are supply-chain prepayments, not trade-finance instruments.","Working capital movements were a net outflow of R1,603 million within cash generated from operations (2024: outflow of R242m): increase in inventories R704m outflow (2024: R200m inflow); increase in trade and other receivables R773m outflow (2024: R104m outflow); decrease in trade and other payables R126m outflow (2024: R338m outflow).","Reports in ZAR (South African rand), consistent with JSE primary listing. Figures are Group (consolidated), for the year ended 30 June 2025. Geographic revenue split not found in this excerpt; a currency-mix proxy was used instead."
BHP Group,5. 2025 Annual Report.pdf,2025,2025,current,USD,16.3213,"74, 119, 121, 122, 127, 137, 161, 162",no AFS-labeled file found; used newest annual/integrated report,113890.0,6978,"USD 6,978 million total (current USD 5,538m + non-current USD 1,440m), FY2025 (2024: USD 7,039m).",69414.5,4253,"USD 4,253 million total 'Trade and other receivables' (current USD 4,116m + non-current USD 137m), FY2025 (2024: USD 5,339m).","No specific import/export revenue figures, letters of credit, or trade-finance facility amounts disclosed. Narrative commentary notes BHP is a major exporter of copper, iron ore and steelmaking/energy coal, discussing US tariff threats to copper imports and Chinese/Indian import demand for iron ore and coal, but without quantified export/import values.","Cash flow statement 'Changes in assets and liabilities', FY2025 (2024): Trade and other receivables +USD 776m source of cash (USD (290)m use of cash in 2024); Inventories +USD 64m (USD (530)m in 2024); Trade and other payables USD (116)m (USD (27)m in 2024); Provisions and other assets/liabilities USD (249)m (USD (469)m in 2024).","Reports in USD, not AUD, despite ASX primary listing and Australian domicile. Figures are for BHP Group (consolidated), year ended 30 June 2025."
Bid Corporation,Bidcorp-2025-AFS.pdf,2025,2025,current,ZAR,1.0,"27, 28, 35, 36, 66, 67",,19262.7,19262.68,"R 19,262,680 thousand, FY2025; 2024: R17,007,694 thousand",25275.7,25275.65,"R 25,275,650 thousand, FY2025; 2024: R23,524,599 thousand","No specific import/export dollar figures disclosed. Group hedges foreign-currency-denominated trade receivables/payables via forward exchange contracts (FECs); borrowings are currency-matched to the functional currency of the business raising them. Total group banking facilities of R31,590 million (2024: R26,373 million), of which R17,043 million utilised and R14,548 million unutilised at 30 June 2025. No letters of credit specifically disclosed in this excerpt.","FY2025 cash flow statement working capital changes: increase in inventories R(1,463,062)k, increase in trade and other receivables R(465,099)k, increase in trade and other payables R1,124,661k; net working capital changes R(803,500)k (2024: R(1,637,147)k)","Consolidated Bidcorp Group figures, reported in South African Rand (R'000), FYE 30 June 2025. Comprehensive disclosure found in excerpt; no material gaps identified for requested fields."
Clicks Group,Clicks_FY2025_AFS.pdf,2025,2025,current,ZAR,1.0,"10, 13, 14, 26, 41, 42, 43",,7818.7,7818.704,"Inventories: R 7,818,704 thousand, FY2025 (2024: R7,063,280 thousand)",3139.5,3139.516,"Trade and other receivables: R 3,139,516 thousand, FY2025 (2024: R3,057,282 thousand)","Group is exposed to FX risk via imports of merchandise denominated in USD, EUR, GBP and CNY, hedged with forward exchange contracts (notional principal R642 million at 31 Aug 2025 vs R780 million in 2024). No export activity/figures disclosed - Clicks is a domestic SA retailer/distributor. Group also discloses a supply chain finance facility of R1,300 million (unchanged from 2024) and total uncommitted facilities of R4,166 million plus USD64 million (2024: R4,139 million plus USD62 million).","FY2025 cash flow note: increase in inventories R(753,496)k, increase in trade and other receivables R(82,234)k, increase in trade and other payables R870,691k, increase in employee benefits R37,887k; total working capital changes +R72,848k (2024: +R99,357k). Capital risk management target is a shareholders'-interest-to-total-assets ratio of 30%-35%, achieved partly through management of working capital (30.4% actual in FY2025).","Consolidated Clicks Group figures, reported in South African Rand (R'000), FYE 31 August 2025. Business is predominantly domestic (South Africa) with minor, non-material foreign operations; hence limited geographic revenue/foreign revenue % disclosure versus more internationally diversified peers."
Glencore,Glencore 2025 Annual Report.pdf,2025,2025,current,USD,16.3213,"46, 47, 140, 141, 146, 168, 169, 188, 207, 208, 214, 234",no AFS-labeled file found; used newest annual/integrated report,554189.7,33955,"Inventories (current): US$ 32,882 million, FY2025 (2024: US$29,580 million); plus non-current inventories of US$1,073 million (2024: US$517 million) - total approx US$33,955 million",388871.3,23826,"'Accounts receivable' (current) total: US$ 23,826 million, FY2025 (2024: US$17,781 million). Within this, the narrower 'Trade receivables' (amortised cost) line is US$2,279 million (2024: US$3,083 million), plus 'Trade receivables with derivative features' (provisionally-priced commodity sales) of US$11,149 million (2024: US$7,795 million), plus margin calls, associate receivables, advances/loans etc.","No aggregate 'imports/exports' revenue figure disclosed (inherent to commodity trading business), but detailed trade-finance disclosure: trade payables at 31 Dec 2025 included US$9,462 million (2024: US$7,472 million) of liabilities arising from supplier payment arrangements where a financial institution issues a letter of credit on Glencore's behalf and is repaid ~89 days (2024: 78 days) after physical supply. Corporate guarantees in favour of associates/JVs were US$587 million (2024: US$226 million). Committed liquidity facilities totalled US$12.9 billion (2024: US$11.5 billion).","FY2025 cash flow statement: increase in accounts receivable US$(7,146) million, increase in inventories US$(3,529) million, increase in accounts payable US$9,672 million; total working capital changes US$(1,003) million (2024: +US$2,061 million). Separately, the Group's 'Net working capital changes' alternative performance measure was US$(1,359) million in 2025 (2024: +US$1,759 million).","Reports in US dollars (US$ million), FYE 31 December 2025 - NOT ZAR, despite Glencore's significant South African (coal, ferroalloys) operations. As a global commodity trading/mining group, 'trade receivables' and 'trade payables' balances are dominated by large provisionally-priced/derivative-linked commodity balances rather than conventional simple trade debtors/creditors - both the broad 'Accounts receivable/payable' totals and the narrower amortised-cost subtotals are provided above for clarity."
Gold Fields,AFR2025.pdf,2025,2025,current,USD,16.3213,"16-21, 29-31, 58-70, 72-74, 77, 78, 80, 81, 96-99, 102, 104, 112, 113, 118-124, 132-135, 143-146, 151-155, 161-165",,18867.4,1156.0,"Total inventories: USD 1,156.0 million at 31 Dec 2025 (2024: USD 1,049.1m) - current USD 782.6m + non-current (heap leach/stockpile, >12 months) USD 373.4m. Comprises gold-in-process and stockpiles USD 845.2m and consumable stores USD 310.8m.",6213.5,380.7,"Trade and other receivables (total, current): USD 380.7 million at 31 Dec 2025 (2024: USD 337.8m). Within this, trade receivables specifically (gold sales USD 101.9m + copper concentrate USD 31.0m + other USD 11.2m) = USD 144.1 million (2024: USD 152.7m).","No dedicated import/export revenue figures or trade-finance letters of credit disclosed. 'Value Added Tax and import duties' of USD 123.2 million (2024: USD 106.9m) is included within Trade and other receivables. General corporate borrowing/guarantee facilities exist (US$1,200m multi-currency RCF, A$1,250m term loan, US$750m 7-year notes) but these are general Group financing, not import/export trade facilities.","Change in working capital note (cash flow statement, FY2025): Inventories +USD 42.6m, Trade and other receivables (USD 61.6m), Trade and other payables +USD 206.4m, total change +USD 187.4 million net cash inflow (2024: +USD 13.9m; 2023: (USD 199.1m)).","CORRECTED 2026-08-09: this replaces a prior extraction that used a stale FY2023 filing due to a file-selection bug (bare 'AFR2025.pdf'/'AFR2024.pdf' filenames weren't matching the AFS-detection regex; fixed in extract_financials.py). This extraction is confirmed genuinely FY2025 (source 'AFR2025.pdf', statements explicitly captioned 'for the year ended 31 December 2025'). Revenue of USD 8,751.3 million exactly matches an independently-known reference figure used to validate this correction. FY2025 results reflect a substantial gold price increase plus consolidation of Gold Road (100% acquired 26 Sept 2025, Australia/Gruyere) and Osisko/Windfall (100% acquired 25 Oct 2024, Canada, still pre-revenue). Group reports in USD; parent company separate financial statements report in ZAR (relevant for fx_gains_losses/fx_exposure_notes, where the parent-only Rand FX note is distinguished from the Group USD note). 'Operating expenses' is not a distinct IFRS line item - cost of sales is the closest equivalent."
MTN Group,17.03.2025 - MTN Group - AFS.pdf,2025,2025,current,ZAR,1.0,PDF pages 17-21 of 'MTN FY25 Integrated Report low res (28042026).pdf' (internal report pages 15-19).,,,,Not disclosed in this excerpt.,,,"Not disclosed in this excerpt. Receivables-type items are grouped under 'Other current assets' (R93,359 million in 2025 vs R81,386 million in 2024), with no separate trade receivables line broken out. (Source: Statement of financial position, PDF page 20.)","Not disclosed in this excerpt. No explicit import/export revenue figures, letters of credit, or trade finance guarantees are mentioned.","Cash generated from operations increased 50.3% to R105,938 million (2025) from R70,502 million (2024), attributed mainly to higher EBITDA and lower cost growth relative to revenue growth. 'Other current assets' rose 14.7% to R93,359 million (higher bank balances in Nigeria, Ghana, Cameroon, Uganda); 'Other liabilities' rose 17.7% to R89,469 million partly on trade/other payables increases; Mobile Money deposits/payables rose 52.1% to R92,554 million. (Source: Statement of cash flows and financial position commentary, PDF pages 20-21.)","CORRECTED FY2025 (replaces a prior entry that used a stale FY2024 AFS). Source is MTN's FY2025 Integrated Report (CFO Q&A plus summarized 'Key financial tables'), not the full Annual Financial Statements, so balance-sheet detail (trade receivables/payables, inventory) is not broken out here - it's aggregated into 'Other current assets'/'Other liabilities'. All figures confirmed as genuine FY2025 (year ended 31 December 2025) per the tables' '2025' and 'Restated 2024' column headers."
NEPI Rockcastle,NEPI Rockcastle N.V. Annual Report 2025_18 Mar_reduced.pdf,2025,2025,current,EUR,18.8014,"310, 311, 330, 357, 361, 372",no AFS-labeled file found; used newest annual/integrated report,,,"Inventory property (residential development held for sale): EUR0 (FY2025, fully sold/depleted); EUR4,227 thousand (FY2024). N/A - no traditional inventory line item (sector: REIT/shopping centre property); this minor line relates only to a residential development project, not core retail property operations",2134.6,113.533,"Trade and other receivables (consolidated Group): EUR113,533 thousand (FY2025); EUR115,947 thousand (FY2024)","Not disclosed - no import/export trade figures found. The Group did disclose letters of guarantee received from tenants (EUR163,032 thousand) and from suppliers (EUR49,575 thousand) related to ongoing developments, but these are construction/leasing guarantees, not import/export trade facilities","Cash flow statement 'Changes in working capital': EUR(13,104) thousand (FY2025) vs EUR2,655 thousand (FY2024), comprising increase in trade and other receivables EUR(19,126)k, increase in trade and other payables EUR1,795k, and decrease in inventory property EUR4,227k","NEPI Rockcastle N.V. is a REIT owning/operating shopping centres in Central and Eastern Europe (CEE), domiciled in the Netherlands, listed on JSE/Euronext Amsterdam/A2X. Reports in EUR, NOT ZAR or local CEE currencies. FY2025 = year ended 31 December 2025."
Naspers,Naspers_FY2026_AFS.pdf,2025,2026,current,USD,16.3213,"Pages 31, 32, 33, 37-40, 68, 70, 72, 77-83, 94-102, 116, 132-145 of the Naspers FY2025 Annual Financial Statements.",,5239.1,321,"Net inventory was US$321 million at 31 March 2025 (US$355 million at 31 March 2024), per Note 35 Inventory (p.116), comprising gross inventory of US$340m less a US$19m allowance for slow-moving/obsolete inventory.",3933.4,241,"Current trade receivables (net of impairment allowance) were US$241 million at 31 March 2025, down from US$310 million at 31 March 2024, per the Consolidated Statement of Financial Position (p.31) and Note 30 (p.100), which shows gross trade receivables of US$274m less a US$33m allowance.",Not disclosed in this excerpt - a targeted search found no explicit import or export figures; Naspers is a consumer internet/ecommerce and services group and does not present a traditional goods import/export disclosure.,"Note 19 Cash from operations (p.72) shows a net positive working capital movement of US$6 million for FY2025 (vs a negative US$131 million in FY2024): cash movement in trade and other receivables +US$95m, cash movement in payables/accruals/share-based payment liability -US$84m, cash movement in inventories -US$5m.","CORRECTED FY2025 (replaces a prior entry that used the FY2026 file). Confirmed as genuine FY2025 data (year ended 31 March 2025), audited by Deloitte & Touche and signed 21 June 2025, with FY2024 shown only as comparatives - no FY2026 figures appear here. Reports in USD despite being JSE-listed/SA-domiciled (functional currency ZAR); no single 'cost of sales' or 'operating expenses' line, discloses an aggregate 'Expenses by nature' note instead."
OUTsurance Group,ogl-annual-financial-statements-2025.pdf,2025,2025,current,ZAR,1.0,"44, 45, 58, 60, 189, 199, 201",,,,N/A - no inventory line item (sector: insurer),4.0,4,"R 4 million (Other receivables, Company-level - no separate Group-level trade receivables line found; insurer balance sheets typically don't break out 'trade receivables' at Group level)","Not explicitly disclosed as import/export trade figures. A EUR 10 million Forward Exchange Contract (FEC) was used to hedge the capital investment in OUTsurance Irish Insurance Holdings Limited, maturing November 2025.",'Changes in working capital' referenced generically in the cash flow reconciliation; no specific commentary or figures on movements disclosed.,All figures in R million unless stated. FY ended 30 June 2025. Trade receivables/payables sourced at Company level (not Group level) since no Group-level trade receivables/payables line was found in the excerpt for this insurer.
Pepkor Holdings,Pepkor annual financial statements 2025.pdf,2025,2025,current,ZAR,1.0,"21, 23, 29, 31, 41, 44, 65, 76, 79, 82, 83",,18618.0,18618,"R 18,618 million (FY2025)",14606.0,14606,"R 14,606 million (Trade and other receivables, current, FY2025)","Letters of credit, forex facilities and asset-based finance facilities totaling R 1,937 million disclosed (FY2025). Inventory accounting policy references costs including inbound freight and customs duties, implying material import activity, but no separate import/export value figure is given.",No explicit standalone working capital commentary/movement paragraph found; inventories accounting policy notes inbound freight and customs duties are capitalized into inventory cost.,All figures in R million unless stated. FY ended 30 September 2025.
Prosus,Prosus_FY2026_Annual Report 2026.pdf,2025,2026,current,USD,16.3213,"Pages 18-19, 132-134, 152-153, 158-161, 171-172, 179, 186-192 of the Prosus FY2025 Annual Report.",no AFS-labeled file found; used newest annual/integrated report,4161.9,255,"Net inventory (total) was US$255 million as at 31 March 2025, down from US$268 million a year earlier; gross inventory was US$264m (2025) less a US$9m allowance for slow-moving/obsolete stock (Note 34 p.179; balance sheet p.133).",3296.9,202,"Current trade receivables (net of a US$31m impairment allowance) were US$202 million as at 31 March 2025, down from US$278 million a year earlier; gross trade receivables were US$233m (2025) vs US$309m (2024) (Note 29 p.171; balance sheet p.133).",Not disclosed in this excerpt. No explicit import or export revenue/cost figures are presented.,"Note 18 'Cash from operations' shows working capital movements contributed a net +US$10m to operating cash flow in FY2025 (vs a drag of US$(106)m in FY2024): cash movement in trade/other receivables +US$102m, in payables/accruals US$(94)m, in inventories +US$2m. CFO review (p.20) notes free cash inflow improved to US$1,019m partly due to 'better working capital management in the Etail, and Payments and Fintech segments'.","CORRECTED FY2025 (replaces a prior entry that used the FY2026 file). Confirmed as genuine FY2025 data (year ended 31 March 2025): report is titled for 'the year ended 31 March 2025', board-authorised 21 June 2025, with FY2024 shown only as the comparative. Prosus is a Dutch-incorporated multinational holding company (secondary-listed in SA via Naspers), so 'foreign revenue % vs SA' and import/export fields aren't meaningful/disclosed the way they would be for a domestic SA company."
Sanlam,Sanlam-AFS-2023.pdf,2025,2023,current,ZAR,1.0,"PDF pp. 24-25, 35, 39-40, 46, 51, 96, 114, 125, 164, 166.",Latest AFS-labeled file is 2023; FY2025 only available as Integrated Report / unclear 'FY24.pdf'.,,,N/A - insurer; no inventory line appears in the Group statement of financial position in this excerpt.,18629.0,18629,"Total trade and other receivables were R18,629 million as at 31 December 2025, up from R13,448 million at 31 December 2024, per the Group statement of financial position (note 16.1, PDF p.46; detail on p.96).","No import/export disclosures (Sanlam is a domestic/African financial services group, not a goods trader). Guarantee/facility disclosures instead: (1) Sanlam Limited guarantees Sanlam Financial Market's (SFM) unlisted commercial paper programme up to a R6.75 billion facility (of a total R20 billion programme limit), with R2.9 billion utilised at 31 December 2025 (p.35, note 33.2 p.114); (2) a R900 million credit facility (R600m revolving + R300m general banking) entered June 2024, five-year term, R654 million utilised; (3) Sanlam Life Insurance Limited's R6 billion unsecured note programme, guaranteed by Sanlam Limited (p.114); (4) a Stanbic Kenya revolving credit facility for Sanlam Kenya, backed by a Sanlam/SEM performance guarantee (~R720 million KES-denominated) (p.114).","'Net working capital' is defined in liquidity risk footnotes (pp.34-35) as trade and other receivables plus trade and other payables, taxation and cash and cash equivalents. On the balance sheet, 'Working capital assets' totalled R64,100 million (2025) vs R56,090 million (2024); 'Working capital liabilities' totalled R38,870 million (2025) vs R34,567 million (2024) (PDF p.46).","CORRECTED FY2025 (genuine AFS, fixes the FY2023 staleness issue). Confirmed via 'Sanlam Limited Annual Financial Statements 2025' title and 2025/2024 column headers (Insurance revenue R102,903m vs R93,475m). As an IFRS 17 insurer, no cost of sales/inventory lines exist; some FY2024 comparatives are labelled 'Restated' due to reclassifications (notes 1 and 40) - not to be confused with FY2023 figures."
Shaftesbury Capital plc,Shaftesbury Capital Annual Report 2025.pdf,2025,2025,current,GBP,21.9424,"165-171, 172, 183, 184-190, 192",no AFS-labeled file found; used newest annual/integrated report,,,"N/A - no inventory line item (sector: UK Real Estate Investment Trust; properties are classified as investment property or trading property under IAS 40/IAS 2, not disclosed as 'inventory' in the consolidated statement of financial position).",3403.3,155.1,"GBP 155.1 million total trade and other receivables (GBP 113.8m non-current + GBP 41.3m current), FY2025 (2024: GBP 170.1 million). Within this, net rent receivable (closest to 'trade receivables') was GBP 13.3 million (2025) vs GBP 9.9 million (2024), net of an ECL provision of GBP 4.9m (2025)/GBP 8.0m (2024). Gross rent receivable was GBP 18.2m (2025) vs GBP 17.9m (2024).","Not disclosed - not applicable. Shaftesbury is a UK-only property investment/management REIT with no goods trade, imports, exports, letters of credit, or trade finance facilities disclosed.","Cash flow note discloses working capital movements: Change in trade and other receivables +GBP 15.6m (2025) vs -GBP 4.6m (2024); Change in trade and other payables +GBP 8.5m (2025) vs -GBP 10.2m (2024), feeding into cash generated from operations of GBP 161.2m (2025) vs GBP 108.7m (2024).","Reports in GBP, not ZAR/USD. Excerpt is notes-only (starts partway through the document); the primary consolidated income statement and full accounting-policy revenue recognition disclosure were not captured, so revenue is sourced from the segmental note. No FX/currency-risk section exists in the excerpt, consistent with the UK-only business."
Shoprite Holdings,shp-afs-2025.pdf,2025,2025,current,ZAR,1.0,"11, 19, 24, 25, 33, 40, 47, 60, 61, 62",,29748.0,29748,"R 29,748 million (FY2025; 2024: R 28,366 million), all classified as current assets.",3506.0,3506,"R 3,506 million trade receivables from contracts with customers (FY2025; 2024: R 3,220 million), gross R 3,616m less impairment provision R 110m. Total 'trade and other receivables' (incl. instalment sale receivables, other receivables, lease receivables, prepayments) was R 6,291 million (2025) vs R 6,714 million (2024).","No explicit import/export dollar figures disclosed. The Group states 'the Group does not have significant foreign creditors as most inventory imports are prepaid.' Cost of merchandise includes customs duties as part of inventory cost. Franchisee/buying-aid trade facilities are secured by notarial and mortgage bonds and bank guarantees of R 3.0 billion (2024: R 1.2 billion) and R 928 million (2024: R 575 million) respectively (relates to franchise credit risk, not import/export trade finance). Company-level financial guarantees of R 25.3 billion (2024: R 24.2 billion) support subsidiaries' revolving credit facilities, unrelated to imports/exports.","Cash flow note 'Changes in working capital' for FY2025: Inventories R (2,957)m, Trade and other receivables R (579)m, Short-term supplier financing arrangements R (365)m, Trade and other payables R +1,529m, Contract liabilities R +60m, netting to R (2,312)m total working capital change (2024: +R 3,252m).","Reports in South African Rand (Rm), not USD. Figures are Group/consolidated (continuing operations unless noted). FY2025 comparatives were restated for operations (furniture business; Nigeria, Malawi, Ghana, Kenya, Uganda, Madagascar, DRC) reclassified as discontinued under IFRS 5, so continuing-operations totals in the FY2025 AFS differ from the originally reported FY2024 figures."
The Bidvest Group,Bidvest_FY2025_Company AFS.pdf,2025,2025,current,ZAR,1.0,"17, 18, 21, 23, 32",Bidvest FY2025 AFS available is Company-level only; Group FY2025 AFS not in folder (only Group FY2024 present).,,,"N/A - no inventory line item (sector: investment holding company; Company-level balance sheet holds only investments in subsidiaries/associates, loans, cash, and receivables - no inventory)",205.7,205.745571,"Trade and other receivables: R 205,745,571 (approx R205.7 million), FY2025 (2024: R34,545,824)","Not disclosed at Company level. Company has issued guarantees to external funders of The Bidvest Group (UK) PLC and to banking/other facilities utilised by subsidiaries and associates (contingent liabilities of R38,613,672,236 at 30 June 2025 relating to such guarantees), but no specific import/export trade-finance figures are given.","Not meaningfully disclosed at Company level; cash generated by operations reconciliation references 'decrease in trade and other receivables' and 'increase in trade and other payables' as adjusting items but this is holding-company intercompany activity, not operational working capital","IMPORTANT: This source PDF ('Bidvest_FY2025_Company AFS.pdf') is the Company-level (separate, not consolidated) financial statements of The Bidvest Group Limited, i.e. the holding company only. Figures such as 'revenue' (dividend income from subsidiaries), trade receivables/payables, and the balance sheet (dominated by 'Investments in subsidiaries' of ~R29.4 billion) will look far smaller and structurally different than the true consolidated Bidvest Group numbers. Do not compare these figures directly with other companies' consolidated results. Reports in South African Rand (R), FYE 30 June 2025."
Valterra Platinum,AFS.pdf,2025,,current,ZAR,1.0,"Pages 20, 24, 25, 26, 28, 29, 30, 31, 32, 41, 42, 50, 52, 61-63, 67 of AFS (1).pdf.",,32931.0,32931,"Total inventories were R32,931 million at 31 December 2025 (current R28,087m plus non-current R4,844m), vs R30,087 million in FY2024, per the balance sheet (p.25) and Note 18 (p.42). Current inventories: refined metals R6,681m, work-in-process R16,663m, ore stockpiles R671m, stores/materials R4,072m.",4095.0,4095,"Total current trade and other receivables were R4,095 million at 31 December 2025 (FY2024: R3,698 million), per the balance sheet (p.25) and Note 20 (p.41). Including R711 million non-current, total was R4,806 million; trade receivables specifically were R1,950 million.","No aggregate group-wide import or export figures. Only explicit reference: Unki Platinum Mine's (Zimbabwe) export proceeds - 30% must be converted into local currency; amounts receivable from the Reserve Bank of Zimbabwe/Ministry of Finance from this conversion totalled R1,904 million at 31 December 2025 (Note 20, p.41).","Cash flow reconciliation (Note 31, p.52) shows working capital changes of a net R2,761 million cash outflow in FY2025 (FY2024: R8,703 million inflow): increase in inventories R3,542m, increase in trade/other receivables R1,340m, increase in other assets R426m, decrease in trade/other payables R1,252m, increase in other liabilities R4,099m.","CORRECTED FY2025 (replaces a prior entry that used the FY2024 file). Statements authorised for issue 23 February 2026, all figures from the '2025' column with FY2024 shown only as comparative. Valterra Platinum demerged from Anglo American plc effective 31 May 2025, affecting comparability of related-party costs, borrowings and cash balances between FY2025 and FY2024."
Vodacom Group,Vodacom_FY2026_AFS.pdf,2025,2026,current,ZAR,1.0,"Pages 18, 20, 39, 40, 44, 45, 56, 58, 68, 69, 78, 79, 80, 82 of the Vodacom consolidated and separate financial statements for the year ended 31 March 2025.",,2287.0,2287,"Total inventory (Note 16, page 58) was R2,287 million at 31 March 2025 (2024: R2,321 million), after an inventory valuation allowance of R233 million; cost of inventories expensed during FY2025 was R18,470 million.",28536.0,28536,"Note 13 'Trade and other receivables' (page 56) discloses a specific 'Trade receivables' line of R17,674 million at 31 March 2025 (not separately split current/non-current). The broader 'Trade and other receivables' total was R28,536 million current and R4,747 million non-current per the balance sheet (page 20). Credit-risk-by-geography (Note 30.4.2.1, page 82) further splits FY2025 trade receivables as R12,085 million South Africa, R4,359 million Egypt, R1,210 million other international.","Not disclosed in this excerpt. No explicit rand-value import or export figures are presented; the Group discloses foreign exchange forward contracts used mainly to hedge purchases of capital equipment and inventory (implying imported capex/inventory), but no specific import/export values are given.","Cash flow reconciliation (Note 23.1, page 69) shows FY2025 working capital movements of: increase in inventory R24 million, increase in trade and other receivables R3,582 million, increase in mobile financial payables/trade and other payables/provisions R7,021 million. Cash flows from operations before working capital changes of R57,450 million rose to cash generated from operations of R60,865 million.","CORRECTED FY2025 (replaces a prior entry that used the FY2026 file). Confirmed genuine FY2025 data, audited by Ernst & Young Inc. (report dated 6 June 2025). Some sub-lines ('Trade receivables'/'Trade payables' within the broader 'Trade and other receivables/payables' notes) are not separately split current/non-current, unlike their parent totals."
