entity_name,source_file,fiscal_year,fiscal_year_detected,data_vintage_flag,currency,fx_rate_to_zar,page_ref,file_selection_flag,revenue_zar_millions,revenue_millions,revenue,cost_of_sales_zar_millions,cost_of_sales_millions,cost_of_sales,operating_expenses,trade_receivables_zar_millions,trade_receivables_millions,trade_receivables,trade_payables_zar_millions,trade_payables_millions,trade_payables,notes
Anglo American,AA annual-report-full-2025.pdf,2025,2025,current,USD,16.3213,"129, 154, 274, 275, 277, 278, 317, 320",no AFS-labeled file found; used newest annual/integrated report; Folder contains a file referencing 'AGA' (AngloGold Ashanti's ticker) - verify this isn't misfiled.,302482.7,18533,"USD 18,533 million (continuing operations, before special items and remeasurements, FY2025 ended 31 Dec 2025; 2024: USD 17,809m). Total Group revenue including discontinued operations was USD 19,325 million.",,,"Not disclosed as a single 'cost of sales' line item. Group discloses an operating-cost breakdown for continuing operations (FY2025 vs 2024): Employee costs USD 2,288m (2,387m); Third-party commodity purchases USD 1,674m (1,814m); Consumables, maintenance and production input costs USD 4,782m (3,833m); Logistics, marketing and selling costs USD 2,159m (2,291m); Royalties USD 208m (209m); D&A USD 2,301m (2,188m).","Other operating expenses: USD 1,157 million (2024: USD 1,041 million), FY2025 continuing operations.",66215.5,4057,"USD 4,057 million total 'Trade and other receivables' (current USD 3,748m + non-current USD 309m), FY2025 (2024: USD 3,660m).",80888.4,4956,"USD 4,956 million total 'Trade and other payables' (current USD 4,879m + non-current USD 77m), FY2025 (2024: USD 6,282m).","Reports in USD, not ZAR/GBP, despite UK primary listing. FY2025 figures separate discontinued operations (Steelmaking Coal, Nickel held for sale; Valterra Platinum demerged in 2025); continuing-operations figures used above unless noted. No single 'cost of sales' line or geographic (destination) revenue split found in this excerpt."
AngloGold Ashanti,ERDEC25.pdf,2025,,current,USD,16.3213,"6, 19, 20, 21, 22, 23, 39",no AFS-labeled file found; used newest annual/integrated report,161466.6,9893,"USD 9,893 million (Revenue from product sales, Group Income Statement, FY2025 ended 31 Dec 2025; 2024: USD 5,793m). On a consolidated 'Gold income' basis (excl. equity-accounted Kibali JV) revenue was USD 9,730m (2024: USD 5,673m).",81965.6,5022,"USD 5,022 million (managed operations / consolidated basis per Group Income Statement, FY2025; 2024: USD 3,726m). Including attributable share of the Kibali joint venture, 'Group' cost of sales was USD 5,454m (2024: USD 4,106m).","No single 'operating expenses' line; closest equivalents (FY2025 vs 2024): Corporate administration, marketing and related expenses USD 138m (118m); Other expenses USD 248m (144m).",10967.9,672,"USD 672 million total 'Trade, other receivables and other assets' (current USD 423m + non-current USD 249m), FY2025 (2024: USD 569m). Contingent consideration is now shown as a separate line (USD 60m non-current + USD 62m current).",16566.1,1015,"USD 1,015 million total 'Trade and other payables' (current USD 1,001m + non-current USD 14m), FY2025 (2024: USD 963m).","Reports in USD, not ZAR, despite JSE secondary listing and South African heritage. Source document is the Q4/FY2025 Earnings Release (not the full Annual Report/20-F); items like detailed FX sensitivity, import/export disclosures, and working-capital cash-flow breakdown were 'not disclosed' here but may exist in the full filing."
Aspen Pharmacare,Aspen_FY2025_AFS.pdf,2025,2025,current,ZAR,1.0,"15, 16, 19, 47, 49, 51, 73, 75, 79, 88",,43363.0,43363,"R43,363 million (ZAR), FY2025 ended 30 June 2025 (2024: R44,706m).",24234.0,24234,"R24,234 million, FY2025 (2024: R25,252m).","Other operating expenses: R7,985 million (2024: R3,861m); also Selling and distribution expenses R7,039m (6,481m) and Administrative expenses R3,953m (3,657m), FY2025.",10646.0,10646,"Net trade receivables R10,646 million (gross R11,166m less allowance for credit losses R520m); total 'Receivables and other current assets' R13,339 million, FY2025 (2024: net trade receivables R10,299m; total R12,664m).",10675.0,10675,"R10,675 million (current 'Trade and other payables'), FY2025 (2024: R10,347m).","Reports in ZAR (South African rand), consistent with JSE primary listing. Figures are Group (consolidated), for the year ended 30 June 2025. Geographic revenue split not found in this excerpt; a currency-mix proxy was used instead."
BHP Group,5. 2025 Annual Report.pdf,2025,2025,current,USD,16.3213,"74, 119, 121, 122, 127, 137, 161, 162",no AFS-labeled file found; used newest annual/integrated report,836662.5,51262,"USD 51,262 million, FY2025 ended 30 June 2025 (2024: USD 55,658m; 2023: USD 53,817m).",,,"Not disclosed as a single 'cost of sales' line. BHP discloses 'Expenses excluding net finance costs' of USD 32,319 million for FY2025 (2024: USD 36,750m), comprising components including Raw materials and consumables used USD 5,950m, Freight and transportation USD 2,029m, External services USD 5,726m, Third-party commodity purchases USD 1,991m, Government royalties paid and payable USD 2,608m, Net foreign exchange losses USD 85m, plus employee benefits and D&A.","No single 'operating expenses' line disclosed; the aggregate 'Expenses excluding net finance costs' was USD 32,319 million for FY2025 (2024: USD 36,750m) - see cost_of_sales breakdown for components.",69414.5,4253,"USD 4,253 million total 'Trade and other receivables' (current USD 4,116m + non-current USD 137m), FY2025 (2024: USD 5,339m).",108863.1,6670,"USD 6,670 million total 'Trade and other payables' (current USD 6,637m + non-current USD 33m), FY2025 (2024: USD 6,764m).","Reports in USD, not AUD, despite ASX primary listing and Australian domicile. Figures are for BHP Group (consolidated), year ended 30 June 2025."
Bid Corporation,Bidcorp-2025-AFS.pdf,2025,2025,current,ZAR,1.0,"27, 28, 35, 36, 66, 67",,235591.2,235591.182,"R 235,591,182 thousand (approx R235.6 billion), FY2025 (year ended 30 June 2025); 2024: R225,905,337 thousand",177918.1,177918.144,"Cost of revenue: R (177,918,144) thousand, FY2025; 2024: R (171,444,523) thousand","R (44,720,465) thousand, FY2025 (comprising sales & distribution costs R36,383,722k, administration costs R8,124,314k, impairment of trade receivables R159,750k, other costs R52,679k); 2024: R (42,284,017) thousand",25275.7,25275.65,"R 25,275,650 thousand, FY2025; 2024: R23,524,599 thousand",36389.8,36389.836,"R 36,389,836 thousand, FY2025; 2024: R33,261,750 thousand","Consolidated Bidcorp Group figures, reported in South African Rand (R'000), FYE 30 June 2025. Comprehensive disclosure found in excerpt; no material gaps identified for requested fields."
Clicks Group,Clicks_FY2025_AFS.pdf,2025,2025,current,ZAR,1.0,"10, 13, 14, 26, 41, 42, 43",,51427.0,51426.992,"R 51,426,992 thousand (approx R51.4 billion) total revenue, FY2025 (year ended 31 August 2025; 2024: R48,609,808 thousand); of which 'Turnover' (sale of goods/services) was R47,828,079 thousand (2024: R45,437,640 thousand)",36428.4,36428.426,"Cost of merchandise sold: R (36,428,426) thousand, FY2025 (2024: R(34,805,221) thousand)","Expenses: R (10,182,338) thousand, FY2025 (comprising depreciation & amortisation R1,811,683k, occupancy costs R212,044k, employment costs R5,282,102k, other costs R2,873,327k, IFRS9 ECL impairment allowance R3,182k); 2024: R(9,542,869) thousand",3139.5,3139.516,"Trade and other receivables: R 3,139,516 thousand, FY2025 (2024: R3,057,282 thousand)",10912.5,10912.537,"Trade and other payables: R 10,912,537 thousand, FY2025 (2024: R10,030,903 thousand)","Consolidated Clicks Group figures, reported in South African Rand (R'000), FYE 31 August 2025. Business is predominantly domestic (South Africa) with minor, non-material foreign operations; hence limited geographic revenue/foreign revenue % disclosure versus more internationally diversified peers."
Glencore,Glencore 2025 Annual Report.pdf,2025,2025,current,USD,16.3213,"46, 47, 140, 141, 146, 168, 169, 188, 207, 208, 214, 234",no AFS-labeled file found; used newest annual/integrated report,4040093.0,247535,"US$ 247,535 million, FY2025 (year ended 31 December 2025; 2024: US$230,944 million) - comprising 'Sale of commodities' US$244,873m and 'Freight, storage and other services' US$2,662m",3944401.2,241672,"Cost of goods sold: US$ (241,672) million, FY2025 (2024: US$(224,294) million)","Selling and administrative expenses: US$ (2,378) million, FY2025 (2024: US$(2,023) million) - closest equivalent line; Glencore's income statement is structured as Revenue less Cost of goods sold less Net expected credit losses (US$(150)m) less Selling & administrative expenses",388871.3,23826,"'Accounts receivable' (current) total: US$ 23,826 million, FY2025 (2024: US$17,781 million). Within this, the narrower 'Trade receivables' (amortised cost) line is US$2,279 million (2024: US$3,083 million), plus 'Trade receivables with derivative features' (provisionally-priced commodity sales) of US$11,149 million (2024: US$7,795 million), plus margin calls, associate receivables, advances/loans etc.",581266.8,35614,"'Accounts payable' (current) total: US$ 35,614 million, FY2025 (2024: US$28,968 million). Within this, the narrower 'Trade payables' (amortised cost) line is US$5,551 million (2024: US$4,905 million), plus 'Trade payables with derivative features' of US$24,986 million (2024: US$19,967 million)","Reports in US dollars (US$ million), FYE 31 December 2025 - NOT ZAR, despite Glencore's significant South African (coal, ferroalloys) operations. As a global commodity trading/mining group, 'trade receivables' and 'trade payables' balances are dominated by large provisionally-priced/derivative-linked commodity balances rather than conventional simple trade debtors/creditors - both the broad 'Accounts receivable/payable' totals and the narrower amortised-cost subtotals are provided above for clarity."
Gold Fields,AFR2025.pdf,2025,2025,current,USD,16.3213,"16-21, 29-31, 58-70, 72-74, 77, 78, 80, 81, 96-99, 102, 104, 112, 113, 118-124, 132-135, 143-146, 151-155, 161-165",,142832.6,8751.3,"USD 8,751.3 million for the year ended 31 December 2025 (2024: USD 5,201.6m; 2023: USD 4,500.7m). Comprised of Gold USD 8,406.5m, Copper USD 228.1m (Peru only), Silver USD 116.7m (mainly Salares Norte). Growth driven by the gold price run and the Gold Road (Sept 2025) and Osisko/Windfall (Oct 2024) acquisitions.",60075.4,3680.8,"Total cost of sales: USD 3,680.8 million for FY2025 (2024: USD 2,843.7m; 2023: USD 2,747.0m). Breakdown: cost of sales before gold inventory change and D&A USD 2,699.1m, gold inventory change USD 61.3m, amortisation and depreciation USD 920.4m.","No single IFRS 'operating expenses' line. Closest equivalent is cost of sales (see above). Other separately disclosed operating-type cost lines, FY2025: Exploration expense USD 297.8m, Other costs net USD 134.8m, Restructuring costs USD 10.3m, Ghana expected credit loss USD 66.0m, Share-based payments USD 25.4m, Long-term incentive plan USD 43.2m.",6213.5,380.7,"Trade and other receivables (total, current): USD 380.7 million at 31 Dec 2025 (2024: USD 337.8m). Within this, trade receivables specifically (gold sales USD 101.9m + copper concentrate USD 31.0m + other USD 11.2m) = USD 144.1 million (2024: USD 152.7m).",14821.4,908.1,"Trade and other payables (total, current): USD 908.1 million at 31 Dec 2025 (2024: USD 651.1m). Within this, trade payables specifically = USD 225.0 million (2024: USD 151.7m).","CORRECTED 2026-08-09: this replaces a prior extraction that used a stale FY2023 filing due to a file-selection bug (bare 'AFR2025.pdf'/'AFR2024.pdf' filenames weren't matching the AFS-detection regex; fixed in extract_financials.py). This extraction is confirmed genuinely FY2025 (source 'AFR2025.pdf', statements explicitly captioned 'for the year ended 31 December 2025'). Revenue of USD 8,751.3 million exactly matches an independently-known reference figure used to validate this correction. FY2025 results reflect a substantial gold price increase plus consolidation of Gold Road (100% acquired 26 Sept 2025, Australia/Gruyere) and Osisko/Windfall (100% acquired 25 Oct 2024, Canada, still pre-revenue). Group reports in USD; parent company separate financial statements report in ZAR (relevant for fx_gains_losses/fx_exposure_notes, where the parent-only Rand FX note is distinguished from the Group USD note). 'Operating expenses' is not a distinct IFRS line item - cost of sales is the closest equivalent."
MTN Group,17.03.2025 - MTN Group - AFS.pdf,2025,2025,current,ZAR,1.0,PDF pages 17-21 of 'MTN FY25 Integrated Report low res (28042026).pdf' (internal report pages 15-19).,,226707.0,226707,"MTN Group reported total revenue of R226,707 million for FY2025 (year ended 31 December 2025), up 20.6% from R188,001 million in FY2024 (restated), representing a 20.4% increase on a constant currency basis. Service revenue specifically was R218,500 million in FY2025 versus R177,756 million in FY2024, a 22.9% increase, driven by growth in data (+36.4%), voice (+11.2%), fintech (+23.2%) and digital (+16.1%). (Source: Key financial tables, Income statement, PDF page 20.)",,,"No single 'cost of sales' line is disclosed. MTN's income statement moves from Revenue directly to 'EBITDA before once-off items' of R98,530 million (2025) vs R60,095 million (2024), implying an aggregate cost base of roughly R128,177 million for 2025, but this is not itemized into cost-of-sales components in this excerpt. (Source: Income statement table, PDF page 20.)","Not disclosed as a single aggregate line in this excerpt. Depreciation, amortisation and impairment of R(39,024) million (2025) vs R(36,013) million (2024) is shown separately below EBITDA. (Source: Income statement table, PDF page 20.)",,,"Not disclosed in this excerpt. Receivables-type items are grouped under 'Other current assets' (R93,359 million in 2025 vs R81,386 million in 2024), with no separate trade receivables line broken out. (Source: Statement of financial position, PDF page 20.)",,,"Not disclosed as a standalone figure. Trade payables appear embedded within 'Other liabilities' of R89,469 million (2025) vs R75,984 million (2024), up 17.7%, attributed partly to 'increase in trade and other payables across the Group'. (Source: Statement of financial position and commentary, PDF page 20.)","CORRECTED FY2025 (replaces a prior entry that used a stale FY2024 AFS). Source is MTN's FY2025 Integrated Report (CFO Q&A plus summarized 'Key financial tables'), not the full Annual Financial Statements, so balance-sheet detail (trade receivables/payables, inventory) is not broken out here - it's aggregated into 'Other current assets'/'Other liabilities'. All figures confirmed as genuine FY2025 (year ended 31 December 2025) per the tables' '2025' and 'Restated 2024' column headers."
NEPI Rockcastle,NEPI Rockcastle N.V. Annual Report 2025_18 Mar_reduced.pdf,2025,2025,current,EUR,18.8014,"310, 311, 330, 357, 361, 372",no AFS-labeled file found; used newest annual/integrated report,11738.6,624.348,"EUR 624,348 thousand gross rental income (FY2025, year ended 31 Dec 2025) [FY2024: EUR566,069k]. Including service charge income (EUR288,556k), revenue from energy activity (EUR11,262k) and revenue from sales of inventory property (EUR6,497k), combined revenue-type items total approximately EUR930,663 thousand",,,"No traditional 'cost of sales' line. Closest equivalents (FY2025): Property operating expenses EUR(304,429) thousand; Costs of the energy activity EUR(1,627) thousand; Cost of sales of inventory property EUR(4,439) thousand","Administrative expenses: EUR(45,042) thousand (FY2025) vs EUR(35,193) thousand (FY2024)",2134.6,113.533,"Trade and other receivables (consolidated Group): EUR113,533 thousand (FY2025); EUR115,947 thousand (FY2024)",3370.9,179.289,"Trade and other payables (consolidated Group): EUR179,289 thousand (FY2025); EUR187,084 thousand (FY2024)","NEPI Rockcastle N.V. is a REIT owning/operating shopping centres in Central and Eastern Europe (CEE), domiciled in the Netherlands, listed on JSE/Euronext Amsterdam/A2X. Reports in EUR, NOT ZAR or local CEE currencies. FY2025 = year ended 31 December 2025."
Naspers,Naspers_FY2026_AFS.pdf,2025,2026,current,USD,16.3213,"Pages 31, 32, 33, 37-40, 68, 70, 72, 77-83, 94-102, 116, 132-145 of the Naspers FY2025 Annual Financial Statements.",,117203.3,7181,"Naspers reported total group revenue from continuing operations of US$7,181 million for FY2025 (year ended 31 March 2025), up from US$6,431 million in FY2024, per the Consolidated Income Statement (p.32) and Note 14 Revenue (p.68). This excludes discontinued operations (OLX Autos) revenue of US$264m (2025) / US$750m (2024), disclosed separately in Note 5 (p.43).",70002.1,4289,"No single 'cost of sales' line; the closest equivalent on the Consolidated Income Statement (p.32) is 'Cost of providing services and sale of goods' of US$4,289 million for FY2025 (US$3,966 million FY2024). Within Note 15 Expenses by nature (p.70), the largest sub-component is 'Platform cost of sales, website hosting and warehousing cost' of US$2,539 million FY2025, plus payment facilitation transaction costs of US$1,038m and delivery services costs of US$383m.","Note 15 'Expenses by nature' (p.70) discloses total expenses (cost of providing services/sale of goods plus SG&A) of US$7,062 million for FY2025 (US$6,613 million FY2024), reconciling to US$4,289m + US$2,773m SG&A = US$7,062m.",3933.4,241,"Current trade receivables (net of impairment allowance) were US$241 million at 31 March 2025, down from US$310 million at 31 March 2024, per the Consolidated Statement of Financial Position (p.31) and Note 30 (p.100), which shows gross trade receivables of US$274m less a US$33m allowance.",5957.3,365,"Current trade payables were US$365 million at 31 March 2025, down from US$427 million at 31 March 2024, per the Consolidated Statement of Financial Position (p.31).","CORRECTED FY2025 (replaces a prior entry that used the FY2026 file). Confirmed as genuine FY2025 data (year ended 31 March 2025), audited by Deloitte & Touche and signed 21 June 2025, with FY2024 shown only as comparatives - no FY2026 figures appear here. Reports in USD despite being JSE-listed/SA-domiciled (functional currency ZAR); no single 'cost of sales' or 'operating expenses' line, discloses an aggregate 'Expenses by nature' note instead."
OUTsurance Group,ogl-annual-financial-statements-2025.pdf,2025,2025,current,ZAR,1.0,"44, 45, 58, 60, 189, 199, 201",,37131.0,37131,"R 37,131 million (Insurance revenue, FY2025 - OUTsurance is an insurer, this is net insurance revenue not a plain 'revenue' line)",,,"N/A - insurer, no cost of sales line","R 11,673 million (Total operating expenses including directly attributable and non-attributable expenses, FY2025)",4.0,4,"R 4 million (Other receivables, Company-level - no separate Group-level trade receivables line found; insurer balance sheets typically don't break out 'trade receivables' at Group level)",12.0,12,"R 12 million (Trade and other payables, Company-level)",All figures in R million unless stated. FY ended 30 June 2025. Trade receivables/payables sourced at Company level (not Group level) since no Group-level trade receivables/payables line was found in the excerpt for this insurer.
Pepkor Holdings,Pepkor annual financial statements 2025.pdf,2025,2025,current,ZAR,1.0,"21, 23, 29, 31, 41, 44, 65, 76, 79, 82, 83",,95340.0,95340,"R 95,340 million (Revenue, FY2025)",57388.0,57388,"R (57,388) million (FY2025)","R (18,814) million (FY2025)",14606.0,14606,"R 14,606 million (Trade and other receivables, current, FY2025)",16890.0,16890,"R 16,890 million (FY2025)",All figures in R million unless stated. FY ended 30 September 2025.
Prosus,Prosus_FY2026_Annual Report 2026.pdf,2025,2026,current,USD,16.3213,"Pages 18-19, 132-134, 152-153, 158-161, 171-172, 179, 186-192 of the Prosus FY2025 Annual Report.",no AFS-labeled file found; used newest annual/integrated report,100702.4,6170,"Prosus' total group revenue for the year ended 31 March 2025 was US$6,170 million, up from US$5,467 million in FY2024, driven primarily by Classifieds, Food Delivery, and to a lesser extent Payments and Fintech and Etail (CFO review p.18; income statement p.134; Note 13 pp.152-153).",57875.3,3546,"'Cost of providing services and sale of goods (COPS)' was US$3,546 million for FY2025, up from US$3,245 million in FY2024 (CFO review p.19; income statement p.134; Note 14 p.154).","'Selling, general and administration expenses (SG&A)' was US$2,463 million for FY2025, up from US$2,388 million in FY2024 (CFO review p.19; income statement p.134).",3296.9,202,"Current trade receivables (net of a US$31m impairment allowance) were US$202 million as at 31 March 2025, down from US$278 million a year earlier; gross trade receivables were US$233m (2025) vs US$309m (2024) (Note 29 p.171; balance sheet p.133).",5190.2,318,"Current trade payables were US$318 million as at 31 March 2025, down from US$365 million a year earlier (balance sheet p.133; Note 40.3 p.190).","CORRECTED FY2025 (replaces a prior entry that used the FY2026 file). Confirmed as genuine FY2025 data (year ended 31 March 2025): report is titled for 'the year ended 31 March 2025', board-authorised 21 June 2025, with FY2024 shown only as the comparative. Prosus is a Dutch-incorporated multinational holding company (secondary-listed in SA via Naspers), so 'foreign revenue % vs SA' and import/export fields aren't meaningful/disclosed the way they would be for a domestic SA company."
Sanlam,Sanlam-AFS-2023.pdf,2025,2023,current,ZAR,1.0,"PDF pp. 24-25, 35, 39-40, 46, 51, 96, 114, 125, 164, 166.",Latest AFS-labeled file is 2023; FY2025 only available as Integrated Report / unclear 'FY24.pdf'.,102903.0,102903,"Insurance revenue (the IFRS 17 primary top-line P&L line) was R102,903 million for FY2025, up from R93,475 million in FY2024, per the Group statement of comprehensive income for the year ended 31 December (PDF p.46). No consolidated group-level gross written premium (GWP) figure is disclosed in this excerpt; GWP is only disclosed for specific JV components: SanlamAllianz general insurance/reinsurance JV (100%) GWP of R33,008 million (2025), and Shriram General Insurance (100%) GWP of R8,634 million (2025) (supplementary info, pp.164, 166). A separate 'Revenue' line of R25,749 million (2025), representing fee-based revenue from contracts with customers, also appears under 'Result from other operations' (PDF p.46).",,,"N/A - insurer, no cost of sales line is presented in Sanlam's IFRS 17 statement of comprehensive income for FY2025. Note 40 (Restatement, p.125) discloses that FY2024 comparatives reclassified a historical 'cost of sales' amount (pharmaceutical operations) out of Revenue and into 'administration and other costs'; no separate cost-of-sales line exists in FY2025 either.","Insurance service expenses (closest IFRS 17 equivalent) were R(81,322) million for FY2025 vs R(75,553) million for FY2024 (PDF p.46). Separately, 'Administration and other costs' (non-insurance operating costs) were R(23,908) million for FY2025 vs R(23,249) million for FY2024 (same statement).",18629.0,18629,"Total trade and other receivables were R18,629 million as at 31 December 2025, up from R13,448 million at 31 December 2024, per the Group statement of financial position (note 16.1, PDF p.46; detail on p.96).",36891.0,36891,"Total trade and other payables were R36,891 million as at 31 December 2025, up from R31,112 million at 31 December 2024, per the Group statement of financial position (note 16.2, PDF p.46; detail on p.96).","CORRECTED FY2025 (genuine AFS, fixes the FY2023 staleness issue). Confirmed via 'Sanlam Limited Annual Financial Statements 2025' title and 2025/2024 column headers (Insurance revenue R102,903m vs R93,475m). As an IFRS 17 insurer, no cost of sales/inventory lines exist; some FY2024 comparatives are labelled 'Restated' due to reclassifications (notes 1 and 40) - not to be confused with FY2023 figures."
Shaftesbury Capital plc,Shaftesbury Capital Annual Report 2025.pdf,2025,2025,current,GBP,21.9424,"165-171, 172, 183, 184-190, 192",no AFS-labeled file found; used newest annual/integrated report,4746.1,216.3,"GBP 216.3 million (FY2025, net rental/property income per segmental note; 2024: GBP 205.0 million). Excludes service charge income/expenses of GBP 22.6m. No separate consolidated income statement was in the excerpt (it began at the notes), so this is the Group's segmental 'Revenue' line, the closest disclosed revenue equivalent for a REIT.",,,"N/A - Shaftesbury is a UK REIT (investment/trading property), no cost of sales / COGS line exists under its income statement format.","GBP 38.6 million (FY2025 property/segmental 'Costs' line, closest equivalent to property operating expenses; 2024: GBP 37.9 million). Note: a separate 'Administration expenses' note is referenced multiple times but its full total was not included in the excerpt.",3403.3,155.1,"GBP 155.1 million total trade and other receivables (GBP 113.8m non-current + GBP 41.3m current), FY2025 (2024: GBP 170.1 million). Within this, net rent receivable (closest to 'trade receivables') was GBP 13.3 million (2025) vs GBP 9.9 million (2024), net of an ECL provision of GBP 4.9m (2025)/GBP 8.0m (2024). Gross rent receivable was GBP 18.2m (2025) vs GBP 17.9m (2024).",2152.5,98.1,"GBP 98.1 million total trade and other payables, all current, FY2025 (2024: GBP 84.8 million). Comprised of rent in advance GBP 27.6m, accruals GBP 37.2m, other payables GBP 24.0m, other taxes/social security GBP 9.3m.","Reports in GBP, not ZAR/USD. Excerpt is notes-only (starts partway through the document); the primary consolidated income statement and full accounting-policy revenue recognition disclosure were not captured, so revenue is sourced from the segmental note. No FX/currency-risk section exists in the excerpt, consistent with the UK-only business."
Shoprite Holdings,shp-afs-2025.pdf,2025,2025,current,ZAR,1.0,"11, 19, 24, 25, 33, 40, 47, 60, 61, 62",,256682.0,256682,"R 256,682 million total revenue for FY2025 (52 weeks ended 29 June 2025), restated 2024: R 236,328 million. Comprised of Sale of merchandise R 252,701m + Alternative revenue (other operating income) R 3,763m + Interest revenue R 218m. Currency: South African Rand (Rm).",191259.0,191259,"R (191,259) million (FY2025; 2024 restated: R (176,549) million), yielding gross profit of R 61,442 million.","Other operating expenses R (22,366) million (FY2025; 2024: R (21,916) million). Also disclosed separately: Employee benefits R (20,268)m (2024: R (18,289)m) and Depreciation and amortisation R (8,012)m (2024: R (6,845)m), all deducted in arriving at Trading profit of R 14,951m.",3506.0,3506,"R 3,506 million trade receivables from contracts with customers (FY2025; 2024: R 3,220 million), gross R 3,616m less impairment provision R 110m. Total 'trade and other receivables' (incl. instalment sale receivables, other receivables, lease receivables, prepayments) was R 6,291 million (2025) vs R 6,714 million (2024).",24474.0,24474,"R 24,474 million trade payables (FY2025; 2024: R 22,949 million). Total 'trade and other payables' (incl. other payables/accruals, deposits, employee benefit accruals, indirect taxes, refund liability) was R 34,160 million (2025) vs R 32,544 million (2024).","Reports in South African Rand (Rm), not USD. Figures are Group/consolidated (continuing operations unless noted). FY2025 comparatives were restated for operations (furniture business; Nigeria, Malawi, Ghana, Kenya, Uganda, Madagascar, DRC) reclassified as discontinued under IFRS 5, so continuing-operations totals in the FY2025 AFS differ from the originally reported FY2024 figures."
The Bidvest Group,Bidvest_FY2025_Company AFS.pdf,2025,2025,current,ZAR,1.0,"17, 18, 21, 23, 32",Bidvest FY2025 AFS available is Company-level only; Group FY2025 AFS not in folder (only Group FY2024 present).,,,"N/A as 'revenue' in the trading sense - Company statement of comprehensive income shows only 'Dividend revenue' of R 3,544,337,438 (approx R3,544.3 million) for FY2025 (2024: R2,447,098,981), almost entirely dividends from subsidiaries/associates, not trading revenue",,,Not disclosed / not applicable - Company-level statements (holding company) have no cost-of-sales line,"Administration expenses of R893 only (2024: R1,804) - trivial holding-company overhead; not comparable to a Group opex figure",205.7,205.745571,"Trade and other receivables: R 205,745,571 (approx R205.7 million), FY2025 (2024: R34,545,824)",14.1,14.12806,"Trade and other payables: R 14,128,060 (approx R14.1 million), FY2025 (2024: R14,007,936)","IMPORTANT: This source PDF ('Bidvest_FY2025_Company AFS.pdf') is the Company-level (separate, not consolidated) financial statements of The Bidvest Group Limited, i.e. the holding company only. Figures such as 'revenue' (dividend income from subsidiaries), trade receivables/payables, and the balance sheet (dominated by 'Investments in subsidiaries' of ~R29.4 billion) will look far smaller and structurally different than the true consolidated Bidvest Group numbers. Do not compare these figures directly with other companies' consolidated results. Reports in South African Rand (R), FYE 30 June 2025."
Valterra Platinum,AFS.pdf,2025,,current,ZAR,1.0,"Pages 20, 24, 25, 26, 28, 29, 30, 31, 32, 41, 42, 50, 52, 61-63, 67 of AFS (1).pdf.",,116330.0,116330,"Gross revenue for FY2025 was R116,398 million (FY2024: R109,007 million), per the Consolidated Statement of Comprehensive Income (p.24) and Note 1 (p.28). After commissions paid of R68 million, net revenue was R116,330 million (FY2024: R108,987 million). Gross revenue comprises revenue from contracts with customers of R115,239 million (precious metals R100,296m, base metals R8,861m, other metals R3,715m, toll refining R2,367m) plus revenue from other sources (trading) of R1,159 million.",87772.0,87772,"Cost of sales was R87,772 million for FY2025 (FY2024: R90,769 million), per the income statement (p.24) and Note 3 (p.31). Components: on-mine (mining and concentrating) costs R33,117m, smelting costs R6,789m, treatment and refining costs R6,193m, purchase of metals in concentrate/secondary/refined form R30,031m, depreciation R8,198m, a R3,607m reduction from an increase in metal inventories, a R644m reduction from a decrease in ore stockpiles, other costs excluded from inventory R6,407m, corporate-related costs R2,029m, operational-related costs R2,592m, royalties and carbon tax R1,786m.","No single 'operating expenses' line; gross profit of R28,558 million flows into separately disclosed items (p.24): other income R2,735m, finance income R632m, fair value measurement losses R23m, share of loss from equity-accounted entities R540m, provision for expected credit losses R581m, finance costs R1,209m, market development and promotional expenditure R1,230m, scrapping of capital WIP/PP&E R1,904m, and other expenditure R4,148m (Note 4, p.32), arriving at profit before tax of R22,290 million.",4095.0,4095,"Total current trade and other receivables were R4,095 million at 31 December 2025 (FY2024: R3,698 million), per the balance sheet (p.25) and Note 20 (p.41). Including R711 million non-current, total was R4,806 million; trade receivables specifically were R1,950 million.",21923.0,21923,"Total current trade and other payables were R21,923 million at 31 December 2025 (FY2024: R23,438 million), per the balance sheet (p.25) and Note 27 (p.50). Trade payables specifically were R15,496 million, comprising a purchase-of-concentrate liability of R10,627m and other trade payables of R4,869m.","CORRECTED FY2025 (replaces a prior entry that used the FY2024 file). Statements authorised for issue 23 February 2026, all figures from the '2025' column with FY2024 shown only as comparative. Valterra Platinum demerged from Anglo American plc effective 31 May 2025, affecting comparability of related-party costs, borrowings and cash balances between FY2025 and FY2024."
Vodacom Group,Vodacom_FY2026_AFS.pdf,2025,2026,current,ZAR,1.0,"Pages 18, 20, 39, 40, 44, 45, 56, 58, 68, 69, 78, 79, 80, 82 of the Vodacom consolidated and separate financial statements for the year ended 31 March 2025.",,152227.0,152227,"Vodacom Group's total revenue for FY2025 (year ended 31 March 2025) was R152,227 million, up from R150,594 million in FY2024, per the consolidated income statement (page 18).",,,"Not a single disclosed line - as a telco, Vodacom does not present a 'cost of sales' figure. Instead the consolidated income statement (page 18) breaks FY2025 costs into: Direct expenses R59,340 million, Staff expenses R10,435 million, Publicity expenses R1,914 million, Net credit losses on financial assets R2,096 million, Other operating expenses R23,407 million, Depreciation and amortisation R21,934 million, and Impairment losses R34 million.","No single aggregate 'Total expenses' line is presented. Summing all disclosed FY2025 expense lines (page 18) gives R119,160 million including D&A (R21,934 million); excluding D&A and impairment, the aggregate operating cost base is R97,192 million. Group EBITDA for FY2025 was R55,511 million (segment note, pages 39-40).",28536.0,28536,"Note 13 'Trade and other receivables' (page 56) discloses a specific 'Trade receivables' line of R17,674 million at 31 March 2025 (not separately split current/non-current). The broader 'Trade and other receivables' total was R28,536 million current and R4,747 million non-current per the balance sheet (page 20). Credit-risk-by-geography (Note 30.4.2.1, page 82) further splits FY2025 trade receivables as R12,085 million South Africa, R4,359 million Egypt, R1,210 million other international.",44057.0,44057,"Note 20 'Trade and other payables' (page 68) discloses a specific 'Trade payables' line of R20,828 million at 31 March 2025. The broader 'Trade and other payables' total was R44,057 million current and R386 million non-current per the balance sheet (page 20).","CORRECTED FY2025 (replaces a prior entry that used the FY2026 file). Confirmed genuine FY2025 data, audited by Ernst & Young Inc. (report dated 6 June 2025). Some sub-lines ('Trade receivables'/'Trade payables' within the broader 'Trade and other receivables/payables' notes) are not separately split current/non-current, unlike their parent totals."
