entity_name,source_file,fiscal_year,fiscal_year_detected,data_vintage_flag,currency,fx_rate_to_zar,fx_rate_date,revenue_millions,revenue_zar_millions,cost_of_sales_millions,cost_of_sales_zar_millions,trade_receivables_millions,trade_receivables_zar_millions,trade_payables_millions,trade_payables_zar_millions,inventory_millions,inventory_zar_millions,revenue,cost_of_sales,operating_expenses,trade_receivables,trade_payables,inventory,imports_exports,working_capital_notes,foreign_revenue_pct,geographic_revenue_split,fx_gains_losses,fx_exposure_notes,page_ref,file_selection_flag,notes
Anglo American,AA annual-report-full-2025.pdf,2025,2025,current,USD,16.3213,2026-08-07,18533,302482.7,,,4057,66215.5,4956,80888.4,3819,62331.0,"USD 18,533 million (continuing operations, before special items and remeasurements, FY2025 ended 31 Dec 2025; 2024: USD 17,809m). Total Group revenue including discontinued operations was USD 19,325 million.","Not disclosed as a single 'cost of sales' line item. Group discloses an operating-cost breakdown for continuing operations (FY2025 vs 2024): Employee costs USD 2,288m (2,387m); Third-party commodity purchases USD 1,674m (1,814m); Consumables, maintenance and production input costs USD 4,782m (3,833m); Logistics, marketing and selling costs USD 2,159m (2,291m); Royalties USD 208m (209m); D&A USD 2,301m (2,188m).","Other operating expenses: USD 1,157 million (2024: USD 1,041 million), FY2025 continuing operations.","USD 4,057 million total 'Trade and other receivables' (current USD 3,748m + non-current USD 309m), FY2025 (2024: USD 3,660m).","USD 4,956 million total 'Trade and other payables' (current USD 4,879m + non-current USD 77m), FY2025 (2024: USD 6,282m).","USD 3,819 million total (current USD 3,013m + non-current USD 806m), FY2025 (2024: USD 6,439m).","No quantified import/export revenue or trade-finance facility figures disclosed. Excerpt states Anglo American is 'one of the world's largest exporters of steelmaking coal' serving customers in Asia, Europe and South America, and that trade-receivable credit risk is partly mitigated via letters of credit from financial institutions as payment security instruments.","Cash flows from operations were roughly flat at USD 7.0bn (2024: USD 6.9bn) as a lower working capital inflow of USD 0.6bn (2024: USD 1.5bn inflow) was offset by improved other operating cash flows. Within working capital: a USD 0.7bn inventory inflow (De Beers stock rebalancing), a USD 0.9bn receivables outflow (high copper prices/provisional pricing adjustments), largely offset by a USD 0.8bn payables inflow (higher amounts due on third-party copper purchases).",Not disclosed in this excerpt (no home-country vs. foreign revenue split found); Anglo American is UK-domiciled/listed but virtually all mining operations and sales are outside the UK.,"Not disclosed by geography/destination in this excerpt; revenue is broken out by commodity segment only (FY2025): Copper USD 8,122m; Premium Iron Ore USD 6,651m; Manganese USD 472m; Crop Nutrients USD 195m; De Beers USD 3,493m; Corporate and other USD 392m.","Net foreign exchange losses of USD 77 million (2024: USD 19 million loss) within operating costs, continuing operations, FY2025; net finance costs also rose partly due to net FX losses on derivative instruments.","USD is the Group's functional/reporting currency. Main non-USD currencies affecting costs are the South African rand, Australian dollar, Chilean peso and Brazilian real. Policy is generally NOT to hedge these operating currency exposures, given their long-term correlation with commodity prices; non-USD capex and non-USD borrowings are hedged case-by-case (cross-currency interest rate swaps/fair value hedges on non-USD bonds). Management concludes earnings and equity are not materially sensitive to reasonable FX or interest-rate movements.","129, 154, 274, 275, 277, 278, 317, 320",no AFS-labeled file found; used newest annual/integrated report; Folder contains a file referencing 'AGA' (AngloGold Ashanti's ticker) - verify this isn't misfiled.,"Reports in USD, not ZAR/GBP, despite UK primary listing. FY2025 figures separate discontinued operations (Steelmaking Coal, Nickel held for sale; Valterra Platinum demerged in 2025); continuing-operations figures used above unless noted. No single 'cost of sales' line or geographic (destination) revenue split found in this excerpt."
AngloGold Ashanti,ERDEC25.pdf,2025,,current,USD,16.3213,2026-08-07,9893,161466.6,5022,81965.6,672,10967.9,1015,16566.1,1251,20417.9,"USD 9,893 million (Revenue from product sales, Group Income Statement, FY2025 ended 31 Dec 2025; 2024: USD 5,793m). On a consolidated 'Gold income' basis (excl. equity-accounted Kibali JV) revenue was USD 9,730m (2024: USD 5,673m).","USD 5,022 million (managed operations / consolidated basis per Group Income Statement, FY2025; 2024: USD 3,726m). Including attributable share of the Kibali joint venture, 'Group' cost of sales was USD 5,454m (2024: USD 4,106m).","No single 'operating expenses' line; closest equivalents (FY2025 vs 2024): Corporate administration, marketing and related expenses USD 138m (118m); Other expenses USD 248m (144m).","USD 672 million total 'Trade, other receivables and other assets' (current USD 423m + non-current USD 249m), FY2025 (2024: USD 569m). Contingent consideration is now shown as a separate line (USD 60m non-current + USD 62m current).","USD 1,015 million total 'Trade and other payables' (current USD 1,001m + non-current USD 14m), FY2025 (2024: USD 963m).","USD 1,251 million total (current USD 1,076m + non-current USD 175m), FY2025 (2024: USD 1,213m).","Not disclosed - no import/export revenue split, letters of credit, or trade-finance guarantee figures found in this earnings-release excerpt.","No detailed inventory/receivables/payables cash-flow working-capital breakdown was found for the Group cash flow statement in this excerpt (only 'Cash generated from operations' of USD 5,409m vs 2024 USD 2,063m is shown); underlying working-capital movement components are not itemized here.","Not disclosed as a percentage; effectively ~100% of revenue is generated outside the Group's US corporate HQ/UK-incorporation jurisdictions, since AngloGold Ashanti is a pure gold miner with all producing mines in Africa, Australia and the Americas.","Gold income by region, FY2025 (2024): Africa USD 7,152m (USD 3,756m) - incl. Kibali USD 1,038m, Iduapriem USD 704m, Obuasi USD 942m, Siguiri USD 990m, Geita USD 1,730m, Sukari USD 1,748m; Australia USD 1,876m (USD 1,394m) - Sunrise Dam USD 789m, Tropicana USD 1,087m; Americas USD 1,740m (USD 1,264m) - Cerro Vanguardia USD 612m, AGA Mineracao USD 946m, Serra Grande USD 182m.","Foreign exchange and fair value adjustments: net loss of USD 41 million for FY2025 (2024: net loss of USD 87 million), per Group Income Statement.","Company reports in USD. Total cash costs per ounce benefited by an estimated 2% in FY2025 from a favourable cumulative foreign currency exchange rate against the US dollar. No detailed FX sensitivity analysis, hedging policy, or currency-pair exposure table was found in this excerpt - this source is the Q4/FY2025 Earnings Release, not the full Annual Report/Form 20-F, so a fuller FX risk note likely exists in that longer filing.","6, 19, 20, 21, 22, 23, 39",no AFS-labeled file found; used newest annual/integrated report,"Reports in USD, not ZAR, despite JSE secondary listing and South African heritage. Source document is the Q4/FY2025 Earnings Release (not the full Annual Report/20-F); items like detailed FX sensitivity, import/export disclosures, and working-capital cash-flow breakdown were 'not disclosed' here but may exist in the full filing."
Aspen Pharmacare,Aspen_FY2025_AFS.pdf,2025,2025,current,ZAR,1.0,,43363,43363.0,24234,24234.0,10646,10646.0,10675,10675.0,18009,18009.0,"R43,363 million (ZAR), FY2025 ended 30 June 2025 (2024: R44,706m).","R24,234 million, FY2025 (2024: R25,252m).","Other operating expenses: R7,985 million (2024: R3,861m); also Selling and distribution expenses R7,039m (6,481m) and Administrative expenses R3,953m (3,657m), FY2025.","Net trade receivables R10,646 million (gross R11,166m less allowance for credit losses R520m); total 'Receivables and other current assets' R13,339 million, FY2025 (2024: net trade receivables R10,299m; total R12,664m).","R10,675 million (current 'Trade and other payables'), FY2025 (2024: R10,347m).","R18,009 million, FY2025 (2024: R18,002m) - Raw materials R4,468m, Work-in-progress R3,334m, Finished goods R9,143m, Consumables R1,064m.","No export/import revenue split or letters-of-credit/trade-guarantee figures disclosed. Related disclosures: a 6-year API supply agreement (R37m realised in FY2025 cost of sales) and a 5-year heparin supply agreement (advance rebate prepayment of R595m/EUR29m, with R118m/EUR6m realised in FY2025 cost of sales) - these are supply-chain prepayments, not trade-finance instruments.","Working capital movements were a net outflow of R1,603 million within cash generated from operations (2024: outflow of R242m): increase in inventories R704m outflow (2024: R200m inflow); increase in trade and other receivables R773m outflow (2024: R104m outflow); decrease in trade and other payables R126m outflow (2024: R338m outflow).","Not disclosed directly as a ZAR-vs-foreign revenue %, but the disclosed revenue currency mix (a close proxy) shows South African Rand only 18% of FY2025 revenue (2024: 15%) - implying roughly 82% of revenue is denominated in foreign currencies (Euro 29%, Australian Dollar 13%, Chinese Yuan 7%, US Dollar 6%, Mexican Peso 4%, Brazilian Real 4%, GBP 2%, CAD 2%, Colombian Peso 2%, Other 13%).",Not disclosed by geographic region in this excerpt (source references a 'Group Revenue Segmental Analysis' report which falls outside the extracted pages); revenue currency mix is disclosed instead (see foreign_revenue_pct).,"Net foreign exchange gains of R110 million within financing costs, FY2025 (2024: net loss of R49 million).","Aspen (Group) is exposed to foreign currency risk on revenue, purchases, capex, acquisitions/divestments and borrowings denominated in currencies other than each entity's functional currency (mainly Euro, Rand, Australian Dollar, Chinese Yuan, US Dollar, Mexican Peso, Brazilian Real, New Zealand Dollar, Russian Ruble); managed selectively via forward exchange contracts, with no hedge accounting applied in FY2025 or FY2024. A 10% currency-sensitivity analysis is disclosed for FY2025 (pre-tax profit impact of a 10% weakening in the relevant functional currency): Rand:USD R(8)m, Rand:Euro R(12)m, USD:Euro R36m, Euro:CNY R31m, Euro:MXN R22m, Rand:CNY R43m, other exposures R117m; net total R229m (2024: R392m). Group presentation/functional currency is the Rand.","15, 16, 19, 47, 49, 51, 73, 75, 79, 88",,"Reports in ZAR (South African rand), consistent with JSE primary listing. Figures are Group (consolidated), for the year ended 30 June 2025. Geographic revenue split not found in this excerpt; a currency-mix proxy was used instead."
BHP Group,5. 2025 Annual Report.pdf,2025,2025,current,USD,16.3213,2026-08-07,51262,836662.5,,,4253,69414.5,6670,108863.1,6978,113890.0,"USD 51,262 million, FY2025 ended 30 June 2025 (2024: USD 55,658m; 2023: USD 53,817m).","Not disclosed as a single 'cost of sales' line. BHP discloses 'Expenses excluding net finance costs' of USD 32,319 million for FY2025 (2024: USD 36,750m), comprising components including Raw materials and consumables used USD 5,950m, Freight and transportation USD 2,029m, External services USD 5,726m, Third-party commodity purchases USD 1,991m, Government royalties paid and payable USD 2,608m, Net foreign exchange losses USD 85m, plus employee benefits and D&A.","No single 'operating expenses' line disclosed; the aggregate 'Expenses excluding net finance costs' was USD 32,319 million for FY2025 (2024: USD 36,750m) - see cost_of_sales breakdown for components.","USD 4,253 million total 'Trade and other receivables' (current USD 4,116m + non-current USD 137m), FY2025 (2024: USD 5,339m).","USD 6,670 million total 'Trade and other payables' (current USD 6,637m + non-current USD 33m), FY2025 (2024: USD 6,764m).","USD 6,978 million total (current USD 5,538m + non-current USD 1,440m), FY2025 (2024: USD 7,039m).","No specific import/export revenue figures, letters of credit, or trade-finance facility amounts disclosed. Narrative commentary notes BHP is a major exporter of copper, iron ore and steelmaking/energy coal, discussing US tariff threats to copper imports and Chinese/Indian import demand for iron ore and coal, but without quantified export/import values.","Cash flow statement 'Changes in assets and liabilities', FY2025 (2024): Trade and other receivables +USD 776m source of cash (USD (290)m use of cash in 2024); Inventories +USD 64m (USD (530)m in 2024); Trade and other payables USD (116)m (USD (27)m in 2024); Provisions and other assets/liabilities USD (249)m (USD (469)m in 2024).","Not disclosed as a percentage, but revenue by location of customer shows only USD 2,545 million (~5%) of FY2025 revenue came from Australia (BHP's home country) out of total USD 51,262m - implying roughly 95% of revenue was from customers outside Australia.","Revenue by location of customer, FY2025 (2024): China USD 32,083m (USD 34,752m); Japan USD 4,177m (USD 4,557m); Rest of Asia USD 3,331m (USD 3,749m); South Korea USD 2,664m (USD 3,069m); Australia USD 2,545m (USD 2,393m); India USD 2,661m (USD 3,371m); North America USD 2,251m (USD 1,601m); Europe USD 1,121m (USD 1,702m); South America USD 429m (USD 464m); Total USD 51,262m.","Net foreign exchange losses of USD 85 million for FY2025 (2024: USD 23 million loss; 2023: USD 197 million gain), within 'Expenses excluding net finance costs'.","US dollar is BHP's predominant functional and presentation currency. Exposure arises from translational exposure (non-USD monetary items, restated to USD each period with gain/loss to the income statement) and transactional exposure (non-USD opex/capex/revenue). Principal non-functional currencies are AUD, CAD, CLP, GBP, BRL and EUR. Net financial (liability)/asset position by currency at FY2025: AUD USD(4,181)m, CLP USD(924)m, CAD USD(361)m, EUR USD(89)m, GBP USD(28)m, BRL USD337m; total USD(5,123)m. The Group uses cross-currency interest rate swaps and FX forwards to convert major foreign-currency exposures into USD so fluctuations are 'not expected to have a significant impact on equity and profit after tax'. Disclosed sensitivity: a one-cent/centavo/penny weakening of the USD against AUD, CAD, CLP, GBP, BRL and EUR would decrease Group equity and profit after tax by USD29 million (2024: USD17m decrease).","74, 119, 121, 122, 127, 137, 161, 162",no AFS-labeled file found; used newest annual/integrated report,"Reports in USD, not AUD, despite ASX primary listing and Australian domicile. Figures are for BHP Group (consolidated), year ended 30 June 2025."
Bid Corporation,Bidcorp-2025-AFS.pdf,2025,2025,current,ZAR,1.0,,235591.182,235591.2,177918.144,177918.1,25275.65,25275.7,36389.836,36389.8,19262.68,19262.7,"R 235,591,182 thousand (approx R235.6 billion), FY2025 (year ended 30 June 2025); 2024: R225,905,337 thousand","Cost of revenue: R (177,918,144) thousand, FY2025; 2024: R (171,444,523) thousand","R (44,720,465) thousand, FY2025 (comprising sales & distribution costs R36,383,722k, administration costs R8,124,314k, impairment of trade receivables R159,750k, other costs R52,679k); 2024: R (42,284,017) thousand","R 25,275,650 thousand, FY2025; 2024: R23,524,599 thousand","R 36,389,836 thousand, FY2025; 2024: R33,261,750 thousand","R 19,262,680 thousand, FY2025; 2024: R17,007,694 thousand","No specific import/export dollar figures disclosed. Group hedges foreign-currency-denominated trade receivables/payables via forward exchange contracts (FECs); borrowings are currency-matched to the functional currency of the business raising them. Total group banking facilities of R31,590 million (2024: R26,373 million), of which R17,043 million utilised and R14,548 million unutilised at 30 June 2025. No letters of credit specifically disclosed in this excerpt.","FY2025 cash flow statement working capital changes: increase in inventories R(1,463,062)k, increase in trade and other receivables R(465,099)k, increase in trade and other payables R1,124,661k; net working capital changes R(803,500)k (2024: R(1,637,147)k)","South Africa represented only 4% of FY2025 revenue (4% in 2024), implying ~96% of group revenue is generated outside South Africa (UK, Australasia, Europe, Emerging Markets)","Analysis of revenue per country by % (FY2025 vs FY2024): United Kingdom 28%/28%, Australia 13%/13%, Netherlands 9%/9%, Italy 8%/8%, New Zealand 7%/7%, Czech Republic 7%/8%, Belgium 5%/5%, South Africa 4%/4%, People's Republic of China & Hong Kong 3%/4%, Other 16%/14%","Foreign exchange losses on hedging activities: R7,767k (2024: R21,594k) [forward exchange contracts R7,528k + foreign bank accounts R239k]; Foreign exchange losses on transactions: R8,071k (2024: R32,834k) [realised R6,078k + unrealised R1,993k] - both recognised within operating profit, FY2025","Group has currency translation risk from consolidating foreign operations into ZAR and transaction risk on purchases/sales in currencies other than each entity's functional currency. Major currency pairs monitored: Rand/GBP, Rand/EUR, Rand/AUD, Rand/NZD, Rand/HKD, Rand/SGD, Rand/CZK, Rand/PLN, Rand/BRL (average and spot rate tables disclosed). Policy is to hedge all trade receivables/payables denominated in a non-functional currency via forward exchange contracts (FECs) or advance currency purchases; no speculative derivative trading. Borrowings currency-matched to the business's functional currency as an economic hedge. No formal VaR-style sensitivity table found in this excerpt beyond the realised/hedging FX loss figures.","27, 28, 35, 36, 66, 67",,"Consolidated Bidcorp Group figures, reported in South African Rand (R'000), FYE 30 June 2025. Comprehensive disclosure found in excerpt; no material gaps identified for requested fields."
Clicks Group,Clicks_FY2025_AFS.pdf,2025,2025,current,ZAR,1.0,,51426.992,51427.0,36428.426,36428.4,3139.516,3139.5,10912.537,10912.5,7818.704,7818.7,"R 51,426,992 thousand (approx R51.4 billion) total revenue, FY2025 (year ended 31 August 2025; 2024: R48,609,808 thousand); of which 'Turnover' (sale of goods/services) was R47,828,079 thousand (2024: R45,437,640 thousand)","Cost of merchandise sold: R (36,428,426) thousand, FY2025 (2024: R(34,805,221) thousand)","Expenses: R (10,182,338) thousand, FY2025 (comprising depreciation & amortisation R1,811,683k, occupancy costs R212,044k, employment costs R5,282,102k, other costs R2,873,327k, IFRS9 ECL impairment allowance R3,182k); 2024: R(9,542,869) thousand","Trade and other receivables: R 3,139,516 thousand, FY2025 (2024: R3,057,282 thousand)","Trade and other payables: R 10,912,537 thousand, FY2025 (2024: R10,030,903 thousand)","Inventories: R 7,818,704 thousand, FY2025 (2024: R7,063,280 thousand)","Group is exposed to FX risk via imports of merchandise denominated in USD, EUR, GBP and CNY, hedged with forward exchange contracts (notional principal R642 million at 31 Aug 2025 vs R780 million in 2024). No export activity/figures disclosed - Clicks is a domestic SA retailer/distributor. Group also discloses a supply chain finance facility of R1,300 million (unchanged from 2024) and total uncommitted facilities of R4,166 million plus USD64 million (2024: R4,139 million plus USD62 million).","FY2025 cash flow note: increase in inventories R(753,496)k, increase in trade and other receivables R(82,234)k, increase in trade and other payables R870,691k, increase in employee benefits R37,887k; total working capital changes +R72,848k (2024: +R99,357k). Capital risk management target is a shareholders'-interest-to-total-assets ratio of 30%-35%, achieved partly through management of working capital (30.4% actual in FY2025).","Not disclosed as a percentage. Group states business 'largely operates within South Africa' and that revenue, assets and liabilities in countries outside South Africa (Namibia, Eswatini, Botswana, Lesotho - via The Body Shop) 'are not significant in relation to the group', implying foreign revenue is immaterial (low single-digit % or less, not separately quantified)","Not disclosed by country/region - only segmental split by business line is given (Retail vs Distribution), both South Africa-based: FY2025 turnover Retail R37,554,480k, Distribution R18,658,096k (before intragroup elimination of R8,384,497k)","Foreign exchange losses realised: R 1,975 thousand, FY2025 (2024: R2,089 thousand), disclosed within 'Other costs'","Currency risk arises from imports of merchandise; primary currencies USD, EUR, GBP, CNY. Group's treasury policy is to enter forward exchange contracts to cover committed and anticipated exposures (no speculative use). 10% ZAR strengthening sensitivity (FY2025): USD impact - OCI decrease R23,243k / PBT increase R12,024k; GBP impact - OCI decrease R3,660k / PBT increase R3,510k; EUR impact - OCI decrease R3,618k / PBT increase R8,424k; CNY impact - OCI decrease R16,361k / PBT increase R6,013k. A 10% ZAR weakening would have an equal but opposite effect. Interest rate risk noted but 'no material interest rate sensitivities at year-end'.","10, 13, 14, 26, 41, 42, 43",,"Consolidated Clicks Group figures, reported in South African Rand (R'000), FYE 31 August 2025. Business is predominantly domestic (South Africa) with minor, non-material foreign operations; hence limited geographic revenue/foreign revenue % disclosure versus more internationally diversified peers."
Glencore,Glencore 2025 Annual Report.pdf,2025,2025,current,USD,16.3213,2026-08-07,247535,4040093.0,241672,3944401.2,23826,388871.3,35614,581266.8,33955,554189.7,"US$ 247,535 million, FY2025 (year ended 31 December 2025; 2024: US$230,944 million) - comprising 'Sale of commodities' US$244,873m and 'Freight, storage and other services' US$2,662m","Cost of goods sold: US$ (241,672) million, FY2025 (2024: US$(224,294) million)","Selling and administrative expenses: US$ (2,378) million, FY2025 (2024: US$(2,023) million) - closest equivalent line; Glencore's income statement is structured as Revenue less Cost of goods sold less Net expected credit losses (US$(150)m) less Selling & administrative expenses","'Accounts receivable' (current) total: US$ 23,826 million, FY2025 (2024: US$17,781 million). Within this, the narrower 'Trade receivables' (amortised cost) line is US$2,279 million (2024: US$3,083 million), plus 'Trade receivables with derivative features' (provisionally-priced commodity sales) of US$11,149 million (2024: US$7,795 million), plus margin calls, associate receivables, advances/loans etc.","'Accounts payable' (current) total: US$ 35,614 million, FY2025 (2024: US$28,968 million). Within this, the narrower 'Trade payables' (amortised cost) line is US$5,551 million (2024: US$4,905 million), plus 'Trade payables with derivative features' of US$24,986 million (2024: US$19,967 million)","Inventories (current): US$ 32,882 million, FY2025 (2024: US$29,580 million); plus non-current inventories of US$1,073 million (2024: US$517 million) - total approx US$33,955 million","No aggregate 'imports/exports' revenue figure disclosed (inherent to commodity trading business), but detailed trade-finance disclosure: trade payables at 31 Dec 2025 included US$9,462 million (2024: US$7,472 million) of liabilities arising from supplier payment arrangements where a financial institution issues a letter of credit on Glencore's behalf and is repaid ~89 days (2024: 78 days) after physical supply. Corporate guarantees in favour of associates/JVs were US$587 million (2024: US$226 million). Committed liquidity facilities totalled US$12.9 billion (2024: US$11.5 billion).","FY2025 cash flow statement: increase in accounts receivable US$(7,146) million, increase in inventories US$(3,529) million, increase in accounts payable US$9,672 million; total working capital changes US$(1,003) million (2024: +US$2,061 million). Separately, the Group's 'Net working capital changes' alternative performance measure was US$(1,359) million in 2025 (2024: +US$1,759 million).","Not disclosed as a single 'domestic vs foreign' % - Glencore (HQ Switzerland/Jersey) discloses revenue purely by geographic destination of the sales counterparty. Largest individual countries are Singapore US$34,617m (2024: US$27,740m), China US$31,407m (2024: US$27,556m), UK US$27,623m (2024: US$25,264m) and US US$22,922m (2024: US$24,505m) of the US$247,535m total","Revenue from third parties by geographic destination, FY2025 (2024): The Americas US$39,193m (US$41,543m); Europe US$66,843m (US$63,308m); Asia US$121,574m (US$108,762m); Africa US$12,330m (US$11,695m); Oceania US$7,595m (US$5,636m); Total US$247,535m (US$230,944m). [Basis: country of incorporation of the sales counterparty, not necessarily final product destination.]","Net foreign exchange losses: US$ (91) million, FY2025 (2024: US$(445) million), recognised within 'Other income/(expense) - net'","US dollar is the Group's predominant functional and presentation currency. Currency risk mainly arises from operating/capital expenditure and limited purchases/sales in non-USD currencies; commodity purchases/sales in other currencies are ordinarily economically hedged via forward exchange contracts, so translation impact on recognised transactions is described as 'immaterial'. Opex currency mix includes USD, CHF, GBP, CAD, AUD, EUR, Kazakhstani tenge, Colombian peso, Peruvian sol, Chilean peso and South African rand. Debt principal/interest is primarily USD-denominated or swapped into USD. Translation gains on foreign operations were US$284 million in 2025 (2024: loss of US$179 million), driven mainly by ZAR-denominated subsidiaries; a strengthening ZAR also contributed to a US$378 million impairment of South African coal operations in 2025 (their functional currency is ZAR).","46, 47, 140, 141, 146, 168, 169, 188, 207, 208, 214, 234",no AFS-labeled file found; used newest annual/integrated report,"Reports in US dollars (US$ million), FYE 31 December 2025 - NOT ZAR, despite Glencore's significant South African (coal, ferroalloys) operations. As a global commodity trading/mining group, 'trade receivables' and 'trade payables' balances are dominated by large provisionally-priced/derivative-linked commodity balances rather than conventional simple trade debtors/creditors - both the broad 'Accounts receivable/payable' totals and the narrower amortised-cost subtotals are provided above for clarity."
Gold Fields,AFR2025.pdf,2025,2025,current,USD,16.3213,2026-08-07,8751.3,142832.6,3680.8,60075.4,380.7,6213.5,908.1,14821.4,1156.0,18867.4,"USD 8,751.3 million for the year ended 31 December 2025 (2024: USD 5,201.6m; 2023: USD 4,500.7m). Comprised of Gold USD 8,406.5m, Copper USD 228.1m (Peru only), Silver USD 116.7m (mainly Salares Norte). Growth driven by the gold price run and the Gold Road (Sept 2025) and Osisko/Windfall (Oct 2024) acquisitions.","Total cost of sales: USD 3,680.8 million for FY2025 (2024: USD 2,843.7m; 2023: USD 2,747.0m). Breakdown: cost of sales before gold inventory change and D&A USD 2,699.1m, gold inventory change USD 61.3m, amortisation and depreciation USD 920.4m.","No single IFRS 'operating expenses' line. Closest equivalent is cost of sales (see above). Other separately disclosed operating-type cost lines, FY2025: Exploration expense USD 297.8m, Other costs net USD 134.8m, Restructuring costs USD 10.3m, Ghana expected credit loss USD 66.0m, Share-based payments USD 25.4m, Long-term incentive plan USD 43.2m.","Trade and other receivables (total, current): USD 380.7 million at 31 Dec 2025 (2024: USD 337.8m). Within this, trade receivables specifically (gold sales USD 101.9m + copper concentrate USD 31.0m + other USD 11.2m) = USD 144.1 million (2024: USD 152.7m).","Trade and other payables (total, current): USD 908.1 million at 31 Dec 2025 (2024: USD 651.1m). Within this, trade payables specifically = USD 225.0 million (2024: USD 151.7m).","Total inventories: USD 1,156.0 million at 31 Dec 2025 (2024: USD 1,049.1m) - current USD 782.6m + non-current (heap leach/stockpile, >12 months) USD 373.4m. Comprises gold-in-process and stockpiles USD 845.2m and consumable stores USD 310.8m.","No dedicated import/export revenue figures or trade-finance letters of credit disclosed. 'Value Added Tax and import duties' of USD 123.2 million (2024: USD 106.9m) is included within Trade and other receivables. General corporate borrowing/guarantee facilities exist (US$1,200m multi-currency RCF, A$1,250m term loan, US$750m 7-year notes) but these are general Group financing, not import/export trade facilities.","Change in working capital note (cash flow statement, FY2025): Inventories +USD 42.6m, Trade and other receivables (USD 61.6m), Trade and other payables +USD 206.4m, total change +USD 187.4 million net cash inflow (2024: +USD 13.9m; 2023: (USD 199.1m)).","Not explicitly disclosed as a percentage. Derivable from segmental report: South Africa (South Deep) revenue of USD 1,065.9m is ~12.2% of Group revenue (USD 8,751.3m); implying ~87.8% of FY2025 revenue from outside South Africa (Ghana, Peru, Chile, Australia).","FY2025 revenue by country/mine (USD million, by location of mining asset not customer): South Africa - South Deep 1,065.9; Ghana - Tarkwa 1,642.6 + Damang 333.1 = 1,975.7; Peru - Cerro Corona 596.7; Chile - Salares Norte 1,421.4; Australia - St Ives 1,278.4 + Agnew 836.5 + Granny Smith 914.2 + Gruyere 662.6 = 3,691.7; Group total 8,751.3. Canada (Windfall Project) had no revenue yet (pre-feasibility/exploration).","Foreign exchange gain of USD 6.6 million for FY2025 (2024: loss of USD 6.6m; 2023: loss of USD 5.6m), described as relating to conversion of offshore cash holdings into functional currencies. (Separately, the parent-only Rand financial statements show an unrelated 'Loss on foreign exchange, net' of R56.7 million FY2025, relating to a Canadian withholding tax receivable and financial guarantees - parent-company-only, not the Group figure.)","Group presentation currency is USD; parent company's functional currency is South African Rand. Foreign operations' assets/liabilities translated at year-end spot rates, income/expenses at average rates (2025: ZAR/US$ spot 16.56, average 17.88; US$/A$ spot 0.67; US$/C$ spot 0.73), translation differences taken to OCI. No consolidated Group-level currency sensitivity table found in this excerpt. At the separate (parent) company level, currency risk arises mainly from USD/AUD/CAD-denominated financial guarantees for Group borrowings and a CAD100.3m Canadian withholding tax receivable; a 10% Rand move vs USD/AUD/CAD would change the related FX gain/loss by roughly R31.3m/R10.6m/R121.0m respectively.","16-21, 29-31, 58-70, 72-74, 77, 78, 80, 81, 96-99, 102, 104, 112, 113, 118-124, 132-135, 143-146, 151-155, 161-165",,"CORRECTED 2026-08-09: this replaces a prior extraction that used a stale FY2023 filing due to a file-selection bug (bare 'AFR2025.pdf'/'AFR2024.pdf' filenames weren't matching the AFS-detection regex; fixed in extract_financials.py). This extraction is confirmed genuinely FY2025 (source 'AFR2025.pdf', statements explicitly captioned 'for the year ended 31 December 2025'). Revenue of USD 8,751.3 million exactly matches an independently-known reference figure used to validate this correction. FY2025 results reflect a substantial gold price increase plus consolidation of Gold Road (100% acquired 26 Sept 2025, Australia/Gruyere) and Osisko/Windfall (100% acquired 25 Oct 2024, Canada, still pre-revenue). Group reports in USD; parent company separate financial statements report in ZAR (relevant for fx_gains_losses/fx_exposure_notes, where the parent-only Rand FX note is distinguished from the Group USD note). 'Operating expenses' is not a distinct IFRS line item - cost of sales is the closest equivalent."
MTN Group,17.03.2025 - MTN Group - AFS.pdf,2025,2025,current,ZAR,1.0,,226707,226707.0,,,,,,,,,"MTN Group reported total revenue of R226,707 million for FY2025 (year ended 31 December 2025), up 20.6% from R188,001 million in FY2024 (restated), representing a 20.4% increase on a constant currency basis. Service revenue specifically was R218,500 million in FY2025 versus R177,756 million in FY2024, a 22.9% increase, driven by growth in data (+36.4%), voice (+11.2%), fintech (+23.2%) and digital (+16.1%). (Source: Key financial tables, Income statement, PDF page 20.)","No single 'cost of sales' line is disclosed. MTN's income statement moves from Revenue directly to 'EBITDA before once-off items' of R98,530 million (2025) vs R60,095 million (2024), implying an aggregate cost base of roughly R128,177 million for 2025, but this is not itemized into cost-of-sales components in this excerpt. (Source: Income statement table, PDF page 20.)","Not disclosed as a single aggregate line in this excerpt. Depreciation, amortisation and impairment of R(39,024) million (2025) vs R(36,013) million (2024) is shown separately below EBITDA. (Source: Income statement table, PDF page 20.)","Not disclosed in this excerpt. Receivables-type items are grouped under 'Other current assets' (R93,359 million in 2025 vs R81,386 million in 2024), with no separate trade receivables line broken out. (Source: Statement of financial position, PDF page 20.)","Not disclosed as a standalone figure. Trade payables appear embedded within 'Other liabilities' of R89,469 million (2025) vs R75,984 million (2024), up 17.7%, attributed partly to 'increase in trade and other payables across the Group'. (Source: Statement of financial position and commentary, PDF page 20.)",Not disclosed in this excerpt.,"Not disclosed in this excerpt. No explicit import/export revenue figures, letters of credit, or trade finance guarantees are mentioned.","Cash generated from operations increased 50.3% to R105,938 million (2025) from R70,502 million (2024), attributed mainly to higher EBITDA and lower cost growth relative to revenue growth. 'Other current assets' rose 14.7% to R93,359 million (higher bank balances in Nigeria, Ghana, Cameroon, Uganda); 'Other liabilities' rose 17.7% to R89,469 million partly on trade/other payables increases; Mobile Money deposits/payables rose 52.1% to R92,554 million. (Source: Statement of cash flows and financial position commentary, PDF pages 20-21.)","Not disclosed in this excerpt. No explicit percentage of revenue from outside South Africa, nor the South Africa-specific revenue figure needed to derive it, is provided in these extracted pages (this excerpt is only 5 pages; the fuller Integrated Report elsewhere shows a geography split implying ~79% foreign - see multi-year ML extraction for a fuller-context figure).","Not disclosed in this excerpt. No revenue breakdown by country/region table is present; country references (Nigeria, Ghana, Uganda, Cameroon, Cote d'Ivoire, Mauritius, Benin, Zambia, Iran) appear only in capex/dividend/forex/bank-balance commentary, not a revenue split table.","No single consolidated 'net FX gain/loss' line is disclosed. The cash flow statement shows 'Effect of exchange rates and net monetary gain' of R(1,093) million in 2025 vs R(5,906) million in 2024, attributed to appreciation of the Ghanaian cedi and Nigerian naira. A 'Hyperinflationary monetary gain/(loss)' of R1,336 million (2025) vs R3,071 million (2024) is also shown; net finance cost of R(16,545) million (2025) vs R(35,164) million (2024) was reduced mainly due to lower forex losses in Nigeria, but the FX impact within net finance cost is not separately quantified. (Source: Income statement and cash flow statement, PDF pages 20-21.)","Commentary notes lower net finance cost was 'mainly attributable to lower forex losses in Nigeria due to stability of the naira against the US$ in 2025, as well as forex gains on appreciation of the cedi versus the US$'; income tax growth was partly linked to prior-year Nigeria naira devaluation forex losses; share of associates' results declined partly due to Iranian rial devaluation. The CFO Q&A states non-Rand debt was reduced to ~16% and the Capital Allocation Framework's second pillar is a 'healthy and resilient balance sheet' with 'continued focus on prudent leverage, liquidity and currency risk management'. No formal sensitivity analysis or hedging quantification is included in this excerpt. (Source: CFO Q&A and financial tables commentary, PDF pages 17-21.)",PDF pages 17-21 of 'MTN FY25 Integrated Report low res (28042026).pdf' (internal report pages 15-19).,,"CORRECTED FY2025 (replaces a prior entry that used a stale FY2024 AFS). Source is MTN's FY2025 Integrated Report (CFO Q&A plus summarized 'Key financial tables'), not the full Annual Financial Statements, so balance-sheet detail (trade receivables/payables, inventory) is not broken out here - it's aggregated into 'Other current assets'/'Other liabilities'. All figures confirmed as genuine FY2025 (year ended 31 December 2025) per the tables' '2025' and 'Restated 2024' column headers."
NEPI Rockcastle,NEPI Rockcastle N.V. Annual Report 2025_18 Mar_reduced.pdf,2025,2025,current,EUR,18.8014,2026-08-07,624.348,11738.6,,,113.533,2134.6,179.289,3370.9,,,"EUR 624,348 thousand gross rental income (FY2025, year ended 31 Dec 2025) [FY2024: EUR566,069k]. Including service charge income (EUR288,556k), revenue from energy activity (EUR11,262k) and revenue from sales of inventory property (EUR6,497k), combined revenue-type items total approximately EUR930,663 thousand","No traditional 'cost of sales' line. Closest equivalents (FY2025): Property operating expenses EUR(304,429) thousand; Costs of the energy activity EUR(1,627) thousand; Cost of sales of inventory property EUR(4,439) thousand","Administrative expenses: EUR(45,042) thousand (FY2025) vs EUR(35,193) thousand (FY2024)","Trade and other receivables (consolidated Group): EUR113,533 thousand (FY2025); EUR115,947 thousand (FY2024)","Trade and other payables (consolidated Group): EUR179,289 thousand (FY2025); EUR187,084 thousand (FY2024)","Inventory property (residential development held for sale): EUR0 (FY2025, fully sold/depleted); EUR4,227 thousand (FY2024). N/A - no traditional inventory line item (sector: REIT/shopping centre property); this minor line relates only to a residential development project, not core retail property operations","Not disclosed - no import/export trade figures found. The Group did disclose letters of guarantee received from tenants (EUR163,032 thousand) and from suppliers (EUR49,575 thousand) related to ongoing developments, but these are construction/leasing guarantees, not import/export trade facilities","Cash flow statement 'Changes in working capital': EUR(13,104) thousand (FY2025) vs EUR2,655 thousand (FY2024), comprising increase in trade and other receivables EUR(19,126)k, increase in trade and other payables EUR1,795k, and decrease in inventory property EUR4,227k","N/A as a simple domestic/foreign split - NEPI Rockcastle is domiciled in the Netherlands but has no property operations there; effectively ~100% of revenue is generated in the CEE region (Romania, Poland, etc.), i.e. all revenue is 'foreign' relative to the entity's country of incorporation. See geographic_revenue_split for the actual country breakdown","Gross rental income by country, FY2025 (EUR thousand): Romania 220,552; Poland 208,812; Bulgaria 51,533; Slovakia 41,547; Hungary 39,465; Croatia 26,024; Lithuania 16,167; Czech Republic 13,984; Unallocated/other 6,264 (Total 624,348). FY2024 (9 segments, included Serbia 11,603 prior to disposal): Romania 215,537; Poland 153,037; Bulgaria 47,282; Hungary 39,251; Slovakia 39,994; Croatia 24,775; Lithuania 15,318; Czech Republic 13,374; Serbia 11,603","Foreign exchange loss: EUR(445) thousand (FY2025) vs EUR(158) thousand (FY2024), disclosed as a separate line in the income statement","Group's current assets/liabilities exposed to RON, PLN, BGN, HUF, RSD, CZK and ZAR on purchases and receivables. Non-EUR cash inflows converted to EUR at spot rate on collection date as the primary currency-risk management policy. Note explicitly states sensitivities of profit/loss to reasonably possible FX rate changes are 'immaterial'. No material FX hedging programme disclosed (contrasts with active interest-rate hedging via caps/swaps)","310, 311, 330, 357, 361, 372",no AFS-labeled file found; used newest annual/integrated report,"NEPI Rockcastle N.V. is a REIT owning/operating shopping centres in Central and Eastern Europe (CEE), domiciled in the Netherlands, listed on JSE/Euronext Amsterdam/A2X. Reports in EUR, NOT ZAR or local CEE currencies. FY2025 = year ended 31 December 2025."
Naspers,Naspers_FY2026_AFS.pdf,2025,2026,current,USD,16.3213,2026-08-07,7181,117203.3,4289,70002.1,241,3933.4,365,5957.3,321,5239.1,"Naspers reported total group revenue from continuing operations of US$7,181 million for FY2025 (year ended 31 March 2025), up from US$6,431 million in FY2024, per the Consolidated Income Statement (p.32) and Note 14 Revenue (p.68). This excludes discontinued operations (OLX Autos) revenue of US$264m (2025) / US$750m (2024), disclosed separately in Note 5 (p.43).","No single 'cost of sales' line; the closest equivalent on the Consolidated Income Statement (p.32) is 'Cost of providing services and sale of goods' of US$4,289 million for FY2025 (US$3,966 million FY2024). Within Note 15 Expenses by nature (p.70), the largest sub-component is 'Platform cost of sales, website hosting and warehousing cost' of US$2,539 million FY2025, plus payment facilitation transaction costs of US$1,038m and delivery services costs of US$383m.","Note 15 'Expenses by nature' (p.70) discloses total expenses (cost of providing services/sale of goods plus SG&A) of US$7,062 million for FY2025 (US$6,613 million FY2024), reconciling to US$4,289m + US$2,773m SG&A = US$7,062m.","Current trade receivables (net of impairment allowance) were US$241 million at 31 March 2025, down from US$310 million at 31 March 2024, per the Consolidated Statement of Financial Position (p.31) and Note 30 (p.100), which shows gross trade receivables of US$274m less a US$33m allowance.","Current trade payables were US$365 million at 31 March 2025, down from US$427 million at 31 March 2024, per the Consolidated Statement of Financial Position (p.31).","Net inventory was US$321 million at 31 March 2025 (US$355 million at 31 March 2024), per Note 35 Inventory (p.116), comprising gross inventory of US$340m less a US$19m allowance for slow-moving/obsolete inventory.",Not disclosed in this excerpt - a targeted search found no explicit import or export figures; Naspers is a consumer internet/ecommerce and services group and does not present a traditional goods import/export disclosure.,"Note 19 Cash from operations (p.72) shows a net positive working capital movement of US$6 million for FY2025 (vs a negative US$131 million in FY2024): cash movement in trade and other receivables +US$95m, cash movement in payables/accruals/share-based payment liability -US$84m, cash movement in inventories -US$5m.","South Africa-sourced revenue was US$1,073 million of total continuing-operations revenue of US$7,181 million in FY2025 (Note 22 Geographical information, p.83), implying revenue from outside South Africa of ~US$6,108 million, or ~85.1% of total revenue (FY2024: ~84.1% foreign).","Per Note 22 Segment information (p.83), FY2025 external revenue from continuing operations by region: Africa US$1,076m (South Africa US$1,073m, rest US$3m); Asia US$718m (India US$660m, rest US$58m); Europe US$3,692m (Central US$788m, Eastern US$2,816m, Western US$88m); Latin America US$1,572m; North America US$122m; Other US$1m; total US$7,181m.","Within Note 17 Finance income/(costs) (p.71), 'Other finance income - net' includes 'Gains/(losses) on translation of assets and liabilities' recognised in profit or loss of a gain of US$36 million for FY2025 (a loss of US$31 million for FY2024). Separately, the Statement of Comprehensive Income (p.33) shows a foreign exchange gain on translation of foreign operations, in OCI (not P&L), of US$64 million for FY2025 (a loss of US$1,644 million for FY2024).","Note 42.1 Foreign exchange risk (pp.137-140): presentation currency is USD but functional currency is ZAR; most exposed to USD, EUR, INR, BRL, RON, TRY, PLN. Uses forward exchange contracts (typically up to one year); previously designated EUR bonds/cross-currency interest rate swaps as a net investment hedge of its Delivery Hero investment but discontinued that hedge relationship in FY2025 due to ineffectiveness; no hedge accounting applied to outstanding forward contracts at 31 March 2025. A 10% USD increase against INR/ZAR/EUR/RON/BRL/TRY/PLN would increase net profit after tax by US$400m (2024: US$444m) and increase other equity by US$5m. Unhedged EUR liabilities were US$5,387m (2025). Of US$19.2bn net cash, only US$194m was held in South Africa, the rest largely offshore in USD.","Pages 31, 32, 33, 37-40, 68, 70, 72, 77-83, 94-102, 116, 132-145 of the Naspers FY2025 Annual Financial Statements.",,"CORRECTED FY2025 (replaces a prior entry that used the FY2026 file). Confirmed as genuine FY2025 data (year ended 31 March 2025), audited by Deloitte & Touche and signed 21 June 2025, with FY2024 shown only as comparatives - no FY2026 figures appear here. Reports in USD despite being JSE-listed/SA-domiciled (functional currency ZAR); no single 'cost of sales' or 'operating expenses' line, discloses an aggregate 'Expenses by nature' note instead."
OUTsurance Group,ogl-annual-financial-statements-2025.pdf,2025,2025,current,ZAR,1.0,,37131,37131.0,,,4,4.0,12,12.0,,,"R 37,131 million (Insurance revenue, FY2025 - OUTsurance is an insurer, this is net insurance revenue not a plain 'revenue' line)","N/A - insurer, no cost of sales line","R 11,673 million (Total operating expenses including directly attributable and non-attributable expenses, FY2025)","R 4 million (Other receivables, Company-level - no separate Group-level trade receivables line found; insurer balance sheets typically don't break out 'trade receivables' at Group level)","R 12 million (Trade and other payables, Company-level)",N/A - no inventory line item (sector: insurer),"Not explicitly disclosed as import/export trade figures. A EUR 10 million Forward Exchange Contract (FEC) was used to hedge the capital investment in OUTsurance Irish Insurance Holdings Limited, maturing November 2025.",'Changes in working capital' referenced generically in the cash flow reconciliation; no specific commentary or figures on movements disclosed.,not disclosed as a percentage; raw segment split disclosed instead (see geographic_revenue_split) - Youi (Australia) + OUTsurance Ireland together are the foreign components,"FY2025 Insurance revenue by segment: OUTsurance (South Africa) Personal R10,345m + Business R3,002m = R13,347m; Youi Group (Australia) Personal R20,170m + Business R1,157m + CTP R1,223m = R22,550m; OUTsurance Ireland R97m. Rough calc: Australia ~60.8%, South Africa ~36.0%, Ireland ~0.3% of R37,131m total.","R 21 million gain (Foreign exchange gain/(loss), FY2025)",Currency risk arises mainly from translation of foreign investments/subsidiaries denominated in Australian Dollar and Euro; transactional foreign currency exposure is considered not significant. FECs used to hedge Rand-Euro volatility on a specific capital investment. Some US$ exposure relates to unlisted equity holdings.,"44, 45, 58, 60, 189, 199, 201",,All figures in R million unless stated. FY ended 30 June 2025. Trade receivables/payables sourced at Company level (not Group level) since no Group-level trade receivables/payables line was found in the excerpt for this insurer.
Pepkor Holdings,Pepkor annual financial statements 2025.pdf,2025,2025,current,ZAR,1.0,,95340,95340.0,57388,57388.0,14606,14606.0,16890,16890.0,18618,18618.0,"R 95,340 million (Revenue, FY2025)","R (57,388) million (FY2025)","R (18,814) million (FY2025)","R 14,606 million (Trade and other receivables, current, FY2025)","R 16,890 million (FY2025)","R 18,618 million (FY2025)","Letters of credit, forex facilities and asset-based finance facilities totaling R 1,937 million disclosed (FY2025). Inventory accounting policy references costs including inbound freight and customs duties, implying material import activity, but no separate import/export value figure is given.",No explicit standalone working capital commentary/movement paragraph found; inventories accounting policy notes inbound freight and customs duties are capitalized into inventory cost.,"~14.56% (Other foreign countries revenue of R13,884m / total revenue of R95,340m, FY2025)","FY2025: South Africa R81,456 million; Other foreign countries R13,884 million (includes Brazil ~R4.5 billion).","R (504) million loss (Foreign exchange losses, FY2025)","Presentation currency is ZAR; various foreign subsidiaries have their own functional currencies. Forward exchange contracts used to manage exchange rate fluctuation exposure. Sensitivity analysis performed on Angolan kwanza, Botswana pula, Brazilian real, Chinese yuan, Mozambican metical, US dollar, and Zambian kwacha vs ZAR - impact on profit assessed as not material. Policy to hedge 60%-80% of forecast USD and CNY cash flows for inventory purchases up to 12 months forward.","21, 23, 29, 31, 41, 44, 65, 76, 79, 82, 83",,All figures in R million unless stated. FY ended 30 September 2025.
Prosus,Prosus_FY2026_Annual Report 2026.pdf,2025,2026,current,USD,16.3213,2026-08-07,6170,100702.4,3546,57875.3,202,3296.9,318,5190.2,255,4161.9,"Prosus' total group revenue for the year ended 31 March 2025 was US$6,170 million, up from US$5,467 million in FY2024, driven primarily by Classifieds, Food Delivery, and to a lesser extent Payments and Fintech and Etail (CFO review p.18; income statement p.134; Note 13 pp.152-153).","'Cost of providing services and sale of goods (COPS)' was US$3,546 million for FY2025, up from US$3,245 million in FY2024 (CFO review p.19; income statement p.134; Note 14 p.154).","'Selling, general and administration expenses (SG&A)' was US$2,463 million for FY2025, up from US$2,388 million in FY2024 (CFO review p.19; income statement p.134).","Current trade receivables (net of a US$31m impairment allowance) were US$202 million as at 31 March 2025, down from US$278 million a year earlier; gross trade receivables were US$233m (2025) vs US$309m (2024) (Note 29 p.171; balance sheet p.133).","Current trade payables were US$318 million as at 31 March 2025, down from US$365 million a year earlier (balance sheet p.133; Note 40.3 p.190).","Net inventory (total) was US$255 million as at 31 March 2025, down from US$268 million a year earlier; gross inventory was US$264m (2025) less a US$9m allowance for slow-moving/obsolete stock (Note 34 p.179; balance sheet p.133).",Not disclosed in this excerpt. No explicit import or export revenue/cost figures are presented.,"Note 18 'Cash from operations' shows working capital movements contributed a net +US$10m to operating cash flow in FY2025 (vs a drag of US$(106)m in FY2024): cash movement in trade/other receivables +US$102m, in payables/accruals US$(94)m, in inventories +US$2m. CFO review (p.20) notes free cash inflow improved to US$1,019m partly due to 'better working capital management in the Etail, and Payments and Fintech segments'.","No single foreign-revenue percentage vs South Africa is disclosed. Prosus N.V. is a Dutch (Netherlands)-incorporated global consumer internet group with only a secondary JSE/A2X listing; its geographic disclosure (Note 21) breaks revenue into Asia/Europe/Latin America/North America/Other with no South Africa-specific line at all - revenue generated in South Africa is immaterial/near-zero, so foreign revenue is inherently near-100% of the US$6,170m total.","FY2025 revenue by geographic market (US$m), FY2024 in brackets: Asia 718 (601) [India 660, rest of Asia 58]; Europe 3,692 (3,200) [Central 788, Eastern 2,816, Western 88]; Latin America 1,572 (1,495); North America 122 (106); Other 66 (65); total 6,170 (5,467) (Note 21, p.161).","Within the P&L, 'Other finance income/(costs) - net' (Note 16) includes 'Gains/(losses) on translation of assets and liabilities' of a gain of US$41 million in FY2025, vs a loss of US$(29) million in FY2024 (p.153). Separately, in OCI (not P&L), the 'Foreign exchange gains/(losses) arising on translation of foreign operations' line was a gain of US$22 million in FY2025 vs a loss of US$(1,564) million in FY2024, driven mainly by translation of equity-accounted investments including a Turkiye hyperinflation-related net monetary gain of US$31m.","Note 40.1 'Foreign exchange risk' (pp.187-189): most significant exposures are to USD, EUR, INR, BRL, RON, TRY, PLN, with lesser exposure to GBP/RMB/ZAR. Uses forward exchange contracts (up to one year); for its Delivery Hero SE investment, previously used a cross-currency interest rate swap plus euro-bond designation as a net investment hedge, discontinued in the current year due to hedge ineffectiveness from currency-mix changes; no hedge accounting applied to any outstanding forward contracts at 31 March 2025. Unhedged euro-denominated liabilities were US$5,387m (2025). A 10% USD strengthening against relevant currencies would increase net profit after tax by US$400m (2024: US$444m) and increase other equity by US$5m.","Pages 18-19, 132-134, 152-153, 158-161, 171-172, 179, 186-192 of the Prosus FY2025 Annual Report.",no AFS-labeled file found; used newest annual/integrated report,"CORRECTED FY2025 (replaces a prior entry that used the FY2026 file). Confirmed as genuine FY2025 data (year ended 31 March 2025): report is titled for 'the year ended 31 March 2025', board-authorised 21 June 2025, with FY2024 shown only as the comparative. Prosus is a Dutch-incorporated multinational holding company (secondary-listed in SA via Naspers), so 'foreign revenue % vs SA' and import/export fields aren't meaningful/disclosed the way they would be for a domestic SA company."
Sanlam,Sanlam-AFS-2023.pdf,2025,2023,current,ZAR,1.0,,102903,102903.0,,,18629,18629.0,36891,36891.0,,,"Insurance revenue (the IFRS 17 primary top-line P&L line) was R102,903 million for FY2025, up from R93,475 million in FY2024, per the Group statement of comprehensive income for the year ended 31 December (PDF p.46). No consolidated group-level gross written premium (GWP) figure is disclosed in this excerpt; GWP is only disclosed for specific JV components: SanlamAllianz general insurance/reinsurance JV (100%) GWP of R33,008 million (2025), and Shriram General Insurance (100%) GWP of R8,634 million (2025) (supplementary info, pp.164, 166). A separate 'Revenue' line of R25,749 million (2025), representing fee-based revenue from contracts with customers, also appears under 'Result from other operations' (PDF p.46).","N/A - insurer, no cost of sales line is presented in Sanlam's IFRS 17 statement of comprehensive income for FY2025. Note 40 (Restatement, p.125) discloses that FY2024 comparatives reclassified a historical 'cost of sales' amount (pharmaceutical operations) out of Revenue and into 'administration and other costs'; no separate cost-of-sales line exists in FY2025 either.","Insurance service expenses (closest IFRS 17 equivalent) were R(81,322) million for FY2025 vs R(75,553) million for FY2024 (PDF p.46). Separately, 'Administration and other costs' (non-insurance operating costs) were R(23,908) million for FY2025 vs R(23,249) million for FY2024 (same statement).","Total trade and other receivables were R18,629 million as at 31 December 2025, up from R13,448 million at 31 December 2024, per the Group statement of financial position (note 16.1, PDF p.46; detail on p.96).","Total trade and other payables were R36,891 million as at 31 December 2025, up from R31,112 million at 31 December 2024, per the Group statement of financial position (note 16.2, PDF p.46; detail on p.96).",N/A - insurer; no inventory line appears in the Group statement of financial position in this excerpt.,"No import/export disclosures (Sanlam is a domestic/African financial services group, not a goods trader). Guarantee/facility disclosures instead: (1) Sanlam Limited guarantees Sanlam Financial Market's (SFM) unlisted commercial paper programme up to a R6.75 billion facility (of a total R20 billion programme limit), with R2.9 billion utilised at 31 December 2025 (p.35, note 33.2 p.114); (2) a R900 million credit facility (R600m revolving + R300m general banking) entered June 2024, five-year term, R654 million utilised; (3) Sanlam Life Insurance Limited's R6 billion unsecured note programme, guaranteed by Sanlam Limited (p.114); (4) a Stanbic Kenya revolving credit facility for Sanlam Kenya, backed by a Sanlam/SEM performance guarantee (~R720 million KES-denominated) (p.114).","'Net working capital' is defined in liquidity risk footnotes (pp.34-35) as trade and other receivables plus trade and other payables, taxation and cash and cash equivalents. On the balance sheet, 'Working capital assets' totalled R64,100 million (2025) vs R56,090 million (2024); 'Working capital liabilities' totalled R38,870 million (2025) vs R34,567 million (2024) (PDF p.46).","Based on the geographical analysis of insurance revenue (note 1.5, p.51): of the R103,079 million segment-total insurance revenue for 2025, South Africa contributed R101,076 million and Asia (India) contributed R2,003 million, i.e. foreign insurance revenue was ~1.9-1.95% of total reported insurance revenue of R102,903m. This likely understates true foreign economic exposure since Pan-Africa/SanlamAllianz Africa and Sanlam UK are equity-accounted joint ventures/associates not consolidated line-by-line into Group insurance revenue (they contribute R1,183m of R13,722m total 2025 operating profit, ~8.6%). Separately, of the R25,749 million non-insurance fee revenue, 'Other International' contributed R1,525 million (~5.9%).","Insurance revenue by geography (note 1.5, p.51), FY2025 vs FY2024: South Africa R101,076m (R98,407m) [Sanlam Life & Savings R44,127m, Santam R56,949m]; Asia R2,003m (R1,842m); segment total R103,079m (R100,249m); reconciling items R(176)m; total insurance revenue R102,903m (R93,475m). Non-insurance 'Revenue' (fee income) by geography (note 1.4, p.51): South Africa R23,455m; Pan-Africa R0m; Other International R1,525m; total R25,749m.","Not disclosed as a single consolidated net FX gain/(loss) P&L line. Closest group-wide figure is the 'Movement in foreign currency translation reserve' within OCI of R(4,275) million for FY2025 vs R62 million for FY2024 (PDF p.46) - a translation (OCI) item, not a realised P&L FX gain/loss. Smaller scoped FX figures appear elsewhere (e.g. R(28)m within a level 3 fair-value reconciliation) but no single all-group P&L figure is presented.","Currency risk note (Capital and risk management, p.24): foreign currency risk mainly arises in general insurance/reinsurance (Africa, SE Asia, India expansion) and from investments with foreign currency exposure (SanlamAllianz JV, Shriram associate; translation risk on equity-accounted investments resides with the group). Sanlam monitors foreign currency assets vs liabilities and assesses hedging case-by-case rather than blanket hedges. Total net foreign currency exposure of the capital portfolio was R49,857 million as at 31 December 2025, across Euro, US dollar, British pound, Botswana pula, Indian rupee, Moroccan dirham, Egyptian pound, Malaysian ringgit and others (p.25).","PDF pp. 24-25, 35, 39-40, 46, 51, 96, 114, 125, 164, 166.",Latest AFS-labeled file is 2023; FY2025 only available as Integrated Report / unclear 'FY24.pdf'.,"CORRECTED FY2025 (genuine AFS, fixes the FY2023 staleness issue). Confirmed via 'Sanlam Limited Annual Financial Statements 2025' title and 2025/2024 column headers (Insurance revenue R102,903m vs R93,475m). As an IFRS 17 insurer, no cost of sales/inventory lines exist; some FY2024 comparatives are labelled 'Restated' due to reclassifications (notes 1 and 40) - not to be confused with FY2023 figures."
Shaftesbury Capital plc,Shaftesbury Capital Annual Report 2025.pdf,2025,2025,current,GBP,21.9424,2026-08-07,216.3,4746.1,,,155.1,3403.3,98.1,2152.5,,,"GBP 216.3 million (FY2025, net rental/property income per segmental note; 2024: GBP 205.0 million). Excludes service charge income/expenses of GBP 22.6m. No separate consolidated income statement was in the excerpt (it began at the notes), so this is the Group's segmental 'Revenue' line, the closest disclosed revenue equivalent for a REIT.","N/A - Shaftesbury is a UK REIT (investment/trading property), no cost of sales / COGS line exists under its income statement format.","GBP 38.6 million (FY2025 property/segmental 'Costs' line, closest equivalent to property operating expenses; 2024: GBP 37.9 million). Note: a separate 'Administration expenses' note is referenced multiple times but its full total was not included in the excerpt.","GBP 155.1 million total trade and other receivables (GBP 113.8m non-current + GBP 41.3m current), FY2025 (2024: GBP 170.1 million). Within this, net rent receivable (closest to 'trade receivables') was GBP 13.3 million (2025) vs GBP 9.9 million (2024), net of an ECL provision of GBP 4.9m (2025)/GBP 8.0m (2024). Gross rent receivable was GBP 18.2m (2025) vs GBP 17.9m (2024).","GBP 98.1 million total trade and other payables, all current, FY2025 (2024: GBP 84.8 million). Comprised of rent in advance GBP 27.6m, accruals GBP 37.2m, other payables GBP 24.0m, other taxes/social security GBP 9.3m.","N/A - no inventory line item (sector: UK Real Estate Investment Trust; properties are classified as investment property or trading property under IAS 40/IAS 2, not disclosed as 'inventory' in the consolidated statement of financial position).","Not disclosed - not applicable. Shaftesbury is a UK-only property investment/management REIT with no goods trade, imports, exports, letters of credit, or trade finance facilities disclosed.","Cash flow note discloses working capital movements: Change in trade and other receivables +GBP 15.6m (2025) vs -GBP 4.6m (2024); Change in trade and other payables +GBP 8.5m (2025) vs -GBP 10.2m (2024), feeding into cash generated from operations of GBP 161.2m (2025) vs GBP 108.7m (2024).","Not applicable - UK-only portfolio (100% West End of London: Covent Garden, Carnaby, Soho, Chinatown). No foreign revenue disclosed.","Not applicable in the geographic sense - Group is 100% UK/London. Segmental split is by internal reporting segment (property zone), not geography: Covent Garden GBP 108.9m vs Other GBP 107.4m (FY2025 revenue); Covent Garden GBP 102.4m vs Other GBP 102.6m (FY2024).","Not disclosed - no foreign exchange gains/losses line appears anywhere in the excerpt (consistent with a GBP-functional, UK-only property group).","No currency/FX risk section exists in the excerpt at all. 'Financial risk management' note covers only interest rate risk, liquidity risk, and credit risk - there is no 'currency risk' sub-section, which is consistent with the Group being GBP-functional-currency and UK-only. The only FX-related mentions are references to the IAS 21 'Effects of Changes in Foreign Exchange Rates' amendment (Lack of Exchangeability), which the Group states had no material impact.","165-171, 172, 183, 184-190, 192",no AFS-labeled file found; used newest annual/integrated report,"Reports in GBP, not ZAR/USD. Excerpt is notes-only (starts partway through the document); the primary consolidated income statement and full accounting-policy revenue recognition disclosure were not captured, so revenue is sourced from the segmental note. No FX/currency-risk section exists in the excerpt, consistent with the UK-only business."
Shoprite Holdings,shp-afs-2025.pdf,2025,2025,current,ZAR,1.0,,256682,256682.0,191259,191259.0,3506,3506.0,24474,24474.0,29748,29748.0,"R 256,682 million total revenue for FY2025 (52 weeks ended 29 June 2025), restated 2024: R 236,328 million. Comprised of Sale of merchandise R 252,701m + Alternative revenue (other operating income) R 3,763m + Interest revenue R 218m. Currency: South African Rand (Rm).","R (191,259) million (FY2025; 2024 restated: R (176,549) million), yielding gross profit of R 61,442 million.","Other operating expenses R (22,366) million (FY2025; 2024: R (21,916) million). Also disclosed separately: Employee benefits R (20,268)m (2024: R (18,289)m) and Depreciation and amortisation R (8,012)m (2024: R (6,845)m), all deducted in arriving at Trading profit of R 14,951m.","R 3,506 million trade receivables from contracts with customers (FY2025; 2024: R 3,220 million), gross R 3,616m less impairment provision R 110m. Total 'trade and other receivables' (incl. instalment sale receivables, other receivables, lease receivables, prepayments) was R 6,291 million (2025) vs R 6,714 million (2024).","R 24,474 million trade payables (FY2025; 2024: R 22,949 million). Total 'trade and other payables' (incl. other payables/accruals, deposits, employee benefit accruals, indirect taxes, refund liability) was R 34,160 million (2025) vs R 32,544 million (2024).","R 29,748 million (FY2025; 2024: R 28,366 million), all classified as current assets.","No explicit import/export dollar figures disclosed. The Group states 'the Group does not have significant foreign creditors as most inventory imports are prepaid.' Cost of merchandise includes customs duties as part of inventory cost. Franchisee/buying-aid trade facilities are secured by notarial and mortgage bonds and bank guarantees of R 3.0 billion (2024: R 1.2 billion) and R 928 million (2024: R 575 million) respectively (relates to franchise credit risk, not import/export trade finance). Company-level financial guarantees of R 25.3 billion (2024: R 24.2 billion) support subsidiaries' revolving credit facilities, unrelated to imports/exports.","Cash flow note 'Changes in working capital' for FY2025: Inventories R (2,957)m, Trade and other receivables R (579)m, Short-term supplier financing arrangements R (365)m, Trade and other payables R +1,529m, Contract liabilities R +60m, netting to R (2,312)m total working capital change (2024: +R 3,252m).","~9.1% of continuing-operations external sale of merchandise came from outside South Africa in FY2025: R 23,044m 'Outside South Africa' out of R 252,701m total (2024: R 21,565m outside SA of R 232,088m total, ~9.3%). Note: several African operations (Nigeria, Malawi, Ghana, Kenya, Uganda, Madagascar, DRC) were reclassified as discontinued and excluded from this continuing-operations split.","By reportable segment (external sale of merchandise, FY2025): Supermarkets RSA R 213,497m; Supermarkets Non-RSA R 20,568m; Other operating segments R 18,636m (Total R 252,701m). By geography: South Africa R 229,657m; Outside South Africa R 23,044m (Total R 252,701m).","Exchange rate (losses)/gains within trading profit: R (3) million in FY2025 vs R 27 million gain in FY2024. Separately, OCI includes foreign currency translation differences (including hyperinflation) of R (299)m from continuing operations and R 10m from discontinued operations in FY2025 (2024: R (628)m and R 41m).","Group is primarily ZAR-denominated but operates across ~10 African countries. Treasury hedges net foreign-currency positions using call deposits and forward FX contracts (three months or more of cumulative commitments); no forward contracts were entered into in FY2025. Primary exposures: US dollar (via intercompany loans - R313m liability 2025) and South African rand intercompany balances; USD exposure partly naturally hedged by USD-linked Angola government bonds (R539m). The Group also designates USD-denominated lease liabilities (nominal US$57m) as a net investment hedge of its US-dollar-functional Shoprite International Ltd subsidiary. Sensitivity analysis: total possible decrease in FY2025 post-tax profit from estimated currency movements (NGN, ZAR vs USD) was R 103 million (2024: R 3 million decrease). Onerous exchange control regulations restrict repatriation of local cash in Angola, Nigeria and Malawi (R 714m held locally, 2025).","11, 19, 24, 25, 33, 40, 47, 60, 61, 62",,"Reports in South African Rand (Rm), not USD. Figures are Group/consolidated (continuing operations unless noted). FY2025 comparatives were restated for operations (furniture business; Nigeria, Malawi, Ghana, Kenya, Uganda, Madagascar, DRC) reclassified as discontinued under IFRS 5, so continuing-operations totals in the FY2025 AFS differ from the originally reported FY2024 figures."
The Bidvest Group,Bidvest_FY2025_Company AFS.pdf,2025,2025,current,ZAR,1.0,,,,,,205.745571,205.7,14.12806,14.1,,,"N/A as 'revenue' in the trading sense - Company statement of comprehensive income shows only 'Dividend revenue' of R 3,544,337,438 (approx R3,544.3 million) for FY2025 (2024: R2,447,098,981), almost entirely dividends from subsidiaries/associates, not trading revenue",Not disclosed / not applicable - Company-level statements (holding company) have no cost-of-sales line,"Administration expenses of R893 only (2024: R1,804) - trivial holding-company overhead; not comparable to a Group opex figure","Trade and other receivables: R 205,745,571 (approx R205.7 million), FY2025 (2024: R34,545,824)","Trade and other payables: R 14,128,060 (approx R14.1 million), FY2025 (2024: R14,007,936)","N/A - no inventory line item (sector: investment holding company; Company-level balance sheet holds only investments in subsidiaries/associates, loans, cash, and receivables - no inventory)","Not disclosed at Company level. Company has issued guarantees to external funders of The Bidvest Group (UK) PLC and to banking/other facilities utilised by subsidiaries and associates (contingent liabilities of R38,613,672,236 at 30 June 2025 relating to such guarantees), but no specific import/export trade-finance figures are given.","Not meaningfully disclosed at Company level; cash generated by operations reconciliation references 'decrease in trade and other receivables' and 'increase in trade and other payables' as adjusting items but this is holding-company intercompany activity, not operational working capital","Not disclosed - Company-level AFS contain no geographic revenue analysis (that disclosure exists only at consolidated Group level, which is not in this excerpt)",Not disclosed at Company level,"Not separately quantified as a line item in the Company statements; note 1.10 states 'foreign exchange gains and losses...are recognised in profit or loss' generically for amortised-cost financial assets, but no FY2025 figure is given","No dedicated Company-level currency risk note/sensitivity analysis found in this excerpt. The Company's disclosed financial risks are limited to credit risk (loans to Group companies, cash at banks) and liquidity risk (guarantees, amounts owing to Group companies); this is expected given the Company's transactions are mostly ZAR-denominated intercompany dividends/loans.","17, 18, 21, 23, 32",Bidvest FY2025 AFS available is Company-level only; Group FY2025 AFS not in folder (only Group FY2024 present).,"IMPORTANT: This source PDF ('Bidvest_FY2025_Company AFS.pdf') is the Company-level (separate, not consolidated) financial statements of The Bidvest Group Limited, i.e. the holding company only. Figures such as 'revenue' (dividend income from subsidiaries), trade receivables/payables, and the balance sheet (dominated by 'Investments in subsidiaries' of ~R29.4 billion) will look far smaller and structurally different than the true consolidated Bidvest Group numbers. Do not compare these figures directly with other companies' consolidated results. Reports in South African Rand (R), FYE 30 June 2025."
Valterra Platinum,AFS.pdf,2025,,current,ZAR,1.0,,116330,116330.0,87772,87772.0,4095,4095.0,21923,21923.0,32931,32931.0,"Gross revenue for FY2025 was R116,398 million (FY2024: R109,007 million), per the Consolidated Statement of Comprehensive Income (p.24) and Note 1 (p.28). After commissions paid of R68 million, net revenue was R116,330 million (FY2024: R108,987 million). Gross revenue comprises revenue from contracts with customers of R115,239 million (precious metals R100,296m, base metals R8,861m, other metals R3,715m, toll refining R2,367m) plus revenue from other sources (trading) of R1,159 million.","Cost of sales was R87,772 million for FY2025 (FY2024: R90,769 million), per the income statement (p.24) and Note 3 (p.31). Components: on-mine (mining and concentrating) costs R33,117m, smelting costs R6,789m, treatment and refining costs R6,193m, purchase of metals in concentrate/secondary/refined form R30,031m, depreciation R8,198m, a R3,607m reduction from an increase in metal inventories, a R644m reduction from a decrease in ore stockpiles, other costs excluded from inventory R6,407m, corporate-related costs R2,029m, operational-related costs R2,592m, royalties and carbon tax R1,786m.","No single 'operating expenses' line; gross profit of R28,558 million flows into separately disclosed items (p.24): other income R2,735m, finance income R632m, fair value measurement losses R23m, share of loss from equity-accounted entities R540m, provision for expected credit losses R581m, finance costs R1,209m, market development and promotional expenditure R1,230m, scrapping of capital WIP/PP&E R1,904m, and other expenditure R4,148m (Note 4, p.32), arriving at profit before tax of R22,290 million.","Total current trade and other receivables were R4,095 million at 31 December 2025 (FY2024: R3,698 million), per the balance sheet (p.25) and Note 20 (p.41). Including R711 million non-current, total was R4,806 million; trade receivables specifically were R1,950 million.","Total current trade and other payables were R21,923 million at 31 December 2025 (FY2024: R23,438 million), per the balance sheet (p.25) and Note 27 (p.50). Trade payables specifically were R15,496 million, comprising a purchase-of-concentrate liability of R10,627m and other trade payables of R4,869m.","Total inventories were R32,931 million at 31 December 2025 (current R28,087m plus non-current R4,844m), vs R30,087 million in FY2024, per the balance sheet (p.25) and Note 18 (p.42). Current inventories: refined metals R6,681m, work-in-process R16,663m, ore stockpiles R671m, stores/materials R4,072m.","No aggregate group-wide import or export figures. Only explicit reference: Unki Platinum Mine's (Zimbabwe) export proceeds - 30% must be converted into local currency; amounts receivable from the Reserve Bank of Zimbabwe/Ministry of Finance from this conversion totalled R1,904 million at 31 December 2025 (Note 20, p.41).","Cash flow reconciliation (Note 31, p.52) shows working capital changes of a net R2,761 million cash outflow in FY2025 (FY2024: R8,703 million inflow): increase in inventories R3,542m, increase in trade/other receivables R1,340m, increase in other assets R426m, decrease in trade/other payables R1,252m, increase in other liabilities R4,099m.","Two bases disclosed. By region (Note 1, p.28): South Africa-attributed sales were R8,403 million of the R112,872 million regional sales subtotal, ~92.6% foreign on that subtotal. By country (only ≥5%-of-total-revenue countries): South Africa revenue R10,771 million, ~9.3% of total gross revenue of R116,398 million, implying ~90.7% foreign on that broader basis; the two SA figures differ because the by-country table likely also includes toll refining/other revenue not in the by-region table.","By region (Note 1, p.28): precious metals R100,296m (Asia R51,331m, Europe R40,686m, North America R4,168m, South Africa R4,111m); base metals R8,861m (Asia R2,990m, Europe R2,626m, South Africa R3,242m); other metals R3,715m (Asia R2,665m, South Africa R1,050m). By country (≥5% of total revenue): Japan R31,851m, UK R23,676m, Germany R15,617m, China R14,184m, South Africa R10,771m, Hong Kong R5,666m.","Other expenditure note (Note 4, p.32) discloses realised/unrealised FX losses of R748 million for FY2025 (FY2024: R539m loss). Segmental info (Note 2.1, p.29) separately reports non-mining-related FX losses of R629 million as a reconciling item. Cash flow reconciliation (Note 31, p.52) adds back foreign translation losses of R636 million as a non-cash item; the cash flow statement (p.26) separately shows FX differences on cash of R1,557 million. These differ in scope (P&L vs cash-specific vs segmental); no single consolidated 'net FX gain/(loss)' figure is presented.","Note 36 Financial instruments, currency risk (pp.61-63): US dollar is the primary FX exposure; a 10% USD move would swing profit by R1,216 million (FY2024: ±R1,669m). Also holds R73m of Zimbabwean gold dollar (ZWG)-exposed assets. Currency risk managed primarily via forward exchange contracts; no option contracts entered during FY2025. Functional currencies differ across the group: ZAR for the parent and Rustenburg Platinum Mines, USD for Unki Platinum Mine and Valterra Platinum Marketing Limited; foreign currency translation reserve recognised a R1,911 million translation loss in OCI for FY2025.","Pages 20, 24, 25, 26, 28, 29, 30, 31, 32, 41, 42, 50, 52, 61-63, 67 of AFS (1).pdf.",,"CORRECTED FY2025 (replaces a prior entry that used the FY2024 file). Statements authorised for issue 23 February 2026, all figures from the '2025' column with FY2024 shown only as comparative. Valterra Platinum demerged from Anglo American plc effective 31 May 2025, affecting comparability of related-party costs, borrowings and cash balances between FY2025 and FY2024."
Vodacom Group,Vodacom_FY2026_AFS.pdf,2025,2026,current,ZAR,1.0,,152227,152227.0,,,28536,28536.0,44057,44057.0,2287,2287.0,"Vodacom Group's total revenue for FY2025 (year ended 31 March 2025) was R152,227 million, up from R150,594 million in FY2024, per the consolidated income statement (page 18).","Not a single disclosed line - as a telco, Vodacom does not present a 'cost of sales' figure. Instead the consolidated income statement (page 18) breaks FY2025 costs into: Direct expenses R59,340 million, Staff expenses R10,435 million, Publicity expenses R1,914 million, Net credit losses on financial assets R2,096 million, Other operating expenses R23,407 million, Depreciation and amortisation R21,934 million, and Impairment losses R34 million.","No single aggregate 'Total expenses' line is presented. Summing all disclosed FY2025 expense lines (page 18) gives R119,160 million including D&A (R21,934 million); excluding D&A and impairment, the aggregate operating cost base is R97,192 million. Group EBITDA for FY2025 was R55,511 million (segment note, pages 39-40).","Note 13 'Trade and other receivables' (page 56) discloses a specific 'Trade receivables' line of R17,674 million at 31 March 2025 (not separately split current/non-current). The broader 'Trade and other receivables' total was R28,536 million current and R4,747 million non-current per the balance sheet (page 20). Credit-risk-by-geography (Note 30.4.2.1, page 82) further splits FY2025 trade receivables as R12,085 million South Africa, R4,359 million Egypt, R1,210 million other international.","Note 20 'Trade and other payables' (page 68) discloses a specific 'Trade payables' line of R20,828 million at 31 March 2025. The broader 'Trade and other payables' total was R44,057 million current and R386 million non-current per the balance sheet (page 20).","Total inventory (Note 16, page 58) was R2,287 million at 31 March 2025 (2024: R2,321 million), after an inventory valuation allowance of R233 million; cost of inventories expensed during FY2025 was R18,470 million.","Not disclosed in this excerpt. No explicit rand-value import or export figures are presented; the Group discloses foreign exchange forward contracts used mainly to hedge purchases of capital equipment and inventory (implying imported capex/inventory), but no specific import/export values are given.","Cash flow reconciliation (Note 23.1, page 69) shows FY2025 working capital movements of: increase in inventory R24 million, increase in trade and other receivables R3,582 million, increase in mobile financial payables/trade and other payables/provisions R7,021 million. Cash flows from operations before working capital changes of R57,450 million rose to cash generated from operations of R60,865 million.","Excluding South Africa, FY2025 revenue from Egypt (R30,751 million), International (R31,131 million) and Corporate (R26 million) totalled R61,908 million of the R152,227 million Group total, i.e. ~40.7% of Group revenue was earned outside South Africa (segment note, page 40); South Africa alone contributed R90,319 million (~59.3%).","Per segment analysis (page 40), FY2025 external customer segment revenue: South Africa R90,319m, Egypt R30,751m, International (Tanzania, Mozambique, DRC, Lesotho) R31,131m, Corporate R26m; total R152,227m. Safaricom (equity-accounted associate, 34.94% effective interest) is reported separately and not consolidated; Safaricom's own FY2025 revenue was R54,626 million.","Note 3 to the operating profit reconciliation (page 44) discloses a net foreign exchange loss of R459 million for FY2025 (2024: loss of R1,599 million). Separately, 'Net loss on remeasurement and disposal of financial instruments' was R385 million (Note 6, page 45), comprising a net translation loss of R158 million and a net loss on derivatives of R211 million.","Note 30.4.1.1 (pages 78-80): mainly exposed to Euro and US dollar, and to a lesser extent Egyptian pound, Congolese franc, Tanzanian shilling, Mozambican metical and other African currencies. At 31 March 2025, net foreign-currency monetary exposure was R(1,232)m Euro, R(2,940)m USD, R(121)m Other. Treasury uses forward contracts (not speculative), mainly as fair value hedges for capex and inventory purchases; net open forward contracts were a R19m net derivative liability (buys) and R14m (sells). Sensitivity: a 1.6% rand move vs EUR would affect FY2025 profit post-tax by ~R(24.5)m; a 0.2% rand/USD move by R68.1m.","Pages 18, 20, 39, 40, 44, 45, 56, 58, 68, 69, 78, 79, 80, 82 of the Vodacom consolidated and separate financial statements for the year ended 31 March 2025.",,"CORRECTED FY2025 (replaces a prior entry that used the FY2026 file). Confirmed genuine FY2025 data, audited by Ernst & Young Inc. (report dated 6 June 2025). Some sub-lines ('Trade receivables'/'Trade payables' within the broader 'Trade and other receivables/payables' notes) are not separately split current/non-current, unlike their parent totals."
